file,sample,number_reads
/work/hobi/jselwyn/Coryphopterus_RAD/NovaSeq/demultiplexed_seqs/Blank-1.F.fq.gz,Blank-1,361468
/work/hobi/jselwyn/Coryphopterus_RAD/NovaSeq/demultiplexed_seqs/Blank-2.F.fq.gz,Blank-2,575258
/work/hobi/jselwyn/Coryphopterus_RAD/NovaSeq/demultiplexed_seqs/COPE-0469.F.fq.gz,COPE-0469,529912
/work/hobi/jselwyn/Coryphopterus_RAD/NovaSeq/demultiplexed_seqs/COPE-0470.F.fq.gz,COPE-0470,2735127
/work/hobi/jselwyn/Coryphopterus_RAD/NovaSeq/demultiplexed_seqs/COPE-0471.F.fq.gz,COPE-0471,1930785
/work/hobi/jselwyn/Coryphopterus_RAD/NovaSeq/demultiplexed_seqs/COPE-0472.F.fq.gz,COPE-0472,417342
/work/hobi/jselwyn/Coryphopterus_RAD/NovaSeq/demultiplexed_seqs/COPE-0473.F.fq.gz,COPE-0473,422917
/work/hobi/jselwyn/Coryphopterus_RAD/NovaSeq/demultiplexed_seqs/COPE-0474.F.fq.gz,COPE-0474,6338209
/work/hobi/jselwyn/Coryphopterus_RAD/NovaSeq/demultiplexed_seqs/COPE-0475.F.fq.gz,COPE-0475,5785299
/work/hobi/jselwyn/Coryphopterus_RAD/NovaSeq/demultiplexed_seqs/COPE-0476.F.fq.gz,COPE-0476,7241132
/work/hobi/jselwyn/Coryphopterus_RAD/NovaSeq/demultiplexed_seqs/COPE-0477.F.fq.gz,COPE-0477,853601
/work/hobi/jselwyn/Coryphopterus_RAD/NovaSeq/demultiplexed_seqs/COPE-0478.F.fq.gz,COPE-0478,939647
/work/hobi/jselwyn/Coryphopterus_RAD/NovaSeq/demultiplexed_seqs/COPE-0479.F.fq.gz,COPE-0479,1764635
/work/hobi/jselwyn/Coryphopterus_RAD/NovaSeq/demultiplexed_seqs/COPE-0480.F.fq.gz,COPE-0480,242155
/work/hobi/jselwyn/Coryphopterus_RAD/NovaSeq/demultiplexed_seqs/COPE-0481.F.fq.gz,COPE-0481,4025361
/work/hobi/jselwyn/Coryphopterus_RAD/NovaSeq/demultiplexed_seqs/COPE-0482.F.fq.gz,COPE-0482,4849217
/work/hobi/jselwyn/Coryphopterus_RAD/NovaSeq/demultiplexed_seqs/COPE-0483.F.fq.gz,COPE-0483,2537398
/work/hobi/jselwyn/Coryphopterus_RAD/NovaSeq/demultiplexed_seqs/COPE-0484.F.fq.gz,COPE-0484,1583167
/work/hobi/jselwyn/Coryphopterus_RAD/NovaSeq/demultiplexed_seqs/COPE-0485.F.fq.gz,COPE-0485,647911
/work/hobi/jselwyn/Coryphopterus_RAD/NovaSeq/demultiplexed_seqs/COPE-0486.F.fq.gz,COPE-0486,967478
/work/hobi/jselwyn/Coryphopterus_RAD/NovaSeq/demultiplexed_seqs/COPE-0487.F.fq.gz,COPE-0487,779018
/work/hobi/jselwyn/Coryphopterus_RAD/NovaSeq/demultiplexed_seqs/COPE-0488.F.fq.gz,COPE-0488,1999762
/work/hobi/jselwyn/Coryphopterus_RAD/NovaSeq/demultiplexed_seqs/COPE-0489.F.fq.gz,COPE-0489,144211
/work/hobi/jselwyn/Coryphopterus_RAD/NovaSeq/demultiplexed_seqs/COPE-0490.F.fq.gz,COPE-0490,44770
/work/hobi/jselwyn/Coryphopterus_RAD/NovaSeq/demultiplexed_seqs/COPE-0491.F.fq.gz,COPE-0491,2758934
/work/hobi/jselwyn/Coryphopterus_RAD/NovaSeq/demultiplexed_seqs/COPE-0492.F.fq.gz,COPE-0492,1563992
/work/hobi/jselwyn/Coryphopterus_RAD/NovaSeq/demultiplexed_seqs/COPE-0493.F.fq.gz,COPE-0493,1844670
/work/hobi/jselwyn/Coryphopterus_RAD/NovaSeq/demultiplexed_seqs/COPE-0494.F.fq.gz,COPE-0494,1868186
/work/hobi/jselwyn/Coryphopterus_RAD/NovaSeq/demultiplexed_seqs/COPE-0495.F.fq.gz,COPE-0495,2651988
/work/hobi/jselwyn/Coryphopterus_RAD/NovaSeq/demultiplexed_seqs/COPE-0496.F.fq.gz,COPE-0496,370354
/work/hobi/jselwyn/Coryphopterus_RAD/NovaSeq/demultiplexed_seqs/COPE-0497.F.fq.gz,COPE-0497,1058810
/work/hobi/jselwyn/Coryphopterus_RAD/NovaSeq/demultiplexed_seqs/COPE-0498.F.fq.gz,COPE-0498,5464473
/work/hobi/jselwyn/Coryphopterus_RAD/NovaSeq/demultiplexed_seqs/COPE-0499.F.fq.gz,COPE-0499,15330394
/work/hobi/jselwyn/Coryphopterus_RAD/NovaSeq/demultiplexed_seqs/COPE-0500.F.fq.gz,COPE-0500,660192
/work/hobi/jselwyn/Coryphopterus_RAD/NovaSeq/demultiplexed_seqs/COPE-0501.F.fq.gz,COPE-0501,789266
/work/hobi/jselwyn/Coryphopterus_RAD/NovaSeq/demultiplexed_seqs/COPE-0502.F.fq.gz,COPE-0502,24066
/work/hobi/jselwyn/Coryphopterus_RAD/NovaSeq/demultiplexed_seqs/COPE-0503.F.fq.gz,COPE-0503,848754
/work/hobi/jselwyn/Coryphopterus_RAD/NovaSeq/demultiplexed_seqs/COPE-0504.F.fq.gz,COPE-0504,2375882
/work/hobi/jselwyn/Coryphopterus_RAD/NovaSeq/demultiplexed_seqs/COPE-0505.F.fq.gz,COPE-0505,2580247
/work/hobi/jselwyn/Coryphopterus_RAD/NovaSeq/demultiplexed_seqs/COPE-0506.F.fq.gz,COPE-0506,986614
/work/hobi/jselwyn/Coryphopterus_RAD/NovaSeq/demultiplexed_seqs/COPE-0507.F.fq.gz,COPE-0507,2738225
/work/hobi/jselwyn/Coryphopterus_RAD/NovaSeq/demultiplexed_seqs/COPE-0508.F.fq.gz,COPE-0508,5398311
/work/hobi/jselwyn/Coryphopterus_RAD/NovaSeq/demultiplexed_seqs/COPE-0509.F.fq.gz,COPE-0509,526409
/work/hobi/jselwyn/Coryphopterus_RAD/NovaSeq/demultiplexed_seqs/COPE-0510.F.fq.gz,COPE-0510,3293301
/work/hobi/jselwyn/Coryphopterus_RAD/NovaSeq/demultiplexed_seqs/COPE-0511.F.fq.gz,COPE-0511,1437622
/work/hobi/jselwyn/Coryphopterus_RAD/NovaSeq/demultiplexed_seqs/COPE-0512.F.fq.gz,COPE-0512,1837820
/work/hobi/jselwyn/Coryphopterus_RAD/NovaSeq/demultiplexed_seqs/COPE-0513.F.fq.gz,COPE-0513,3923
/work/hobi/jselwyn/Coryphopterus_RAD/NovaSeq/demultiplexed_seqs/COPE-0514.F.fq.gz,COPE-0514,3503243
/work/hobi/jselwyn/Coryphopterus_RAD/NovaSeq/demultiplexed_seqs/COPE-0515.F.fq.gz,COPE-0515,1452773
/work/hobi/jselwyn/Coryphopterus_RAD/NovaSeq/demultiplexed_seqs/COPE-0516.F.fq.gz,COPE-0516,625
/work/hobi/jselwyn/Coryphopterus_RAD/NovaSeq/demultiplexed_seqs/COPE-0517.F.fq.gz,COPE-0517,3169857
/work/hobi/jselwyn/Coryphopterus_RAD/NovaSeq/demultiplexed_seqs/COPE-0518.F.fq.gz,COPE-0518,376631
/work/hobi/jselwyn/Coryphopterus_RAD/NovaSeq/demultiplexed_seqs/COPE-0519.F.fq.gz,COPE-0519,741163
/work/hobi/jselwyn/Coryphopterus_RAD/NovaSeq/demultiplexed_seqs/COPE-0520.F.fq.gz,COPE-0520,286045
/work/hobi/jselwyn/Coryphopterus_RAD/NovaSeq/demultiplexed_seqs/COPE-0521.F.fq.gz,COPE-0521,1161834
/work/hobi/jselwyn/Coryphopterus_RAD/NovaSeq/demultiplexed_seqs/COPE-0522.F.fq.gz,COPE-0522,3138484
/work/hobi/jselwyn/Coryphopterus_RAD/NovaSeq/demultiplexed_seqs/COPE-0523.F.fq.gz,COPE-0523,297478
/work/hobi/jselwyn/Coryphopterus_RAD/NovaSeq/demultiplexed_seqs/COPE-0524.F.fq.gz,COPE-0524,434134
/work/hobi/jselwyn/Coryphopterus_RAD/NovaSeq/demultiplexed_seqs/COPE-0525.F.fq.gz,COPE-0525,3602306
/work/hobi/jselwyn/Coryphopterus_RAD/NovaSeq/demultiplexed_seqs/COPE-0526.F.fq.gz,COPE-0526,1144149
/work/hobi/jselwyn/Coryphopterus_RAD/NovaSeq/demultiplexed_seqs/COPE-0527.F.fq.gz,COPE-0527,377336
/work/hobi/jselwyn/Coryphopterus_RAD/NovaSeq/demultiplexed_seqs/COPE-0528.F.fq.gz,COPE-0528,2491669
/work/hobi/jselwyn/Coryphopterus_RAD/NovaSeq/demultiplexed_seqs/COPE-0529.F.fq.gz,COPE-0529,4467786
/work/hobi/jselwyn/Coryphopterus_RAD/NovaSeq/demultiplexed_seqs/COPE-0530.F.fq.gz,COPE-0530,2745378
/work/hobi/jselwyn/Coryphopterus_RAD/NovaSeq/demultiplexed_seqs/COPE-0531.F.fq.gz,COPE-0531,1810452
/work/hobi/jselwyn/Coryphopterus_RAD/NovaSeq/demultiplexed_seqs/COPE-0532.F.fq.gz,COPE-0532,676363
/work/hobi/jselwyn/Coryphopterus_RAD/NovaSeq/demultiplexed_seqs/COPE-0533.F.fq.gz,COPE-0533,379
/work/hobi/jselwyn/Coryphopterus_RAD/NovaSeq/demultiplexed_seqs/COPE-0534.F.fq.gz,COPE-0534,2008422
/work/hobi/jselwyn/Coryphopterus_RAD/NovaSeq/demultiplexed_seqs/COPE-0535.F.fq.gz,COPE-0535,1258477
/work/hobi/jselwyn/Coryphopterus_RAD/NovaSeq/demultiplexed_seqs/COPE-0536.F.fq.gz,COPE-0536,515429
/work/hobi/jselwyn/Coryphopterus_RAD/NovaSeq/demultiplexed_seqs/COPE-0537.F.fq.gz,COPE-0537,1324446
/work/hobi/jselwyn/Coryphopterus_RAD/NovaSeq/demultiplexed_seqs/COPE-0538.F.fq.gz,COPE-0538,1398037
/work/hobi/jselwyn/Coryphopterus_RAD/NovaSeq/demultiplexed_seqs/COPE-0539.F.fq.gz,COPE-0539,925906
/work/hobi/jselwyn/Coryphopterus_RAD/NovaSeq/demultiplexed_seqs/COPE-0540.F.fq.gz,COPE-0540,481118
/work/hobi/jselwyn/Coryphopterus_RAD/NovaSeq/demultiplexed_seqs/COPE-0541.F.fq.gz,COPE-0541,452827
/work/hobi/jselwyn/Coryphopterus_RAD/NovaSeq/demultiplexed_seqs/COPE-0542.F.fq.gz,COPE-0542,810071
/work/hobi/jselwyn/Coryphopterus_RAD/NovaSeq/demultiplexed_seqs/COPE-0543.F.fq.gz,COPE-0543,3219055
/work/hobi/jselwyn/Coryphopterus_RAD/NovaSeq/demultiplexed_seqs/COPE-0544.F.fq.gz,COPE-0544,577696
/work/hobi/jselwyn/Coryphopterus_RAD/NovaSeq/demultiplexed_seqs/COPE-0545.F.fq.gz,COPE-0545,611374
/work/hobi/jselwyn/Coryphopterus_RAD/NovaSeq/demultiplexed_seqs/COPE-0546.F.fq.gz,COPE-0546,1175280
/work/hobi/jselwyn/Coryphopterus_RAD/NovaSeq/demultiplexed_seqs/COPE-0547.F.fq.gz,COPE-0547,1175880
/work/hobi/jselwyn/Coryphopterus_RAD/NovaSeq/demultiplexed_seqs/COPE-0548.F.fq.gz,COPE-0548,397508
/work/hobi/jselwyn/Coryphopterus_RAD/NovaSeq/demultiplexed_seqs/COPE-0549.F.fq.gz,COPE-0549,203903
/work/hobi/jselwyn/Coryphopterus_RAD/NovaSeq/demultiplexed_seqs/COPE-0550.F.fq.gz,COPE-0550,587754
/work/hobi/jselwyn/Coryphopterus_RAD/NovaSeq/demultiplexed_seqs/COPE-0551.F.fq.gz,COPE-0551,1689159
/work/hobi/jselwyn/Coryphopterus_RAD/NovaSeq/demultiplexed_seqs/COPE-0552.F.fq.gz,COPE-0552,752454
/work/hobi/jselwyn/Coryphopterus_RAD/NovaSeq/demultiplexed_seqs/COPE-0553.F.fq.gz,COPE-0553,189325
/work/hobi/jselwyn/Coryphopterus_RAD/NovaSeq/demultiplexed_seqs/COPE-0554.F.fq.gz,COPE-0554,349622
/work/hobi/jselwyn/Coryphopterus_RAD/NovaSeq/demultiplexed_seqs/COPE-0555.F.fq.gz,COPE-0555,2156887
/work/hobi/jselwyn/Coryphopterus_RAD/NovaSeq/demultiplexed_seqs/COPE-0556.F.fq.gz,COPE-0556,4968761
/work/hobi/jselwyn/Coryphopterus_RAD/NovaSeq/demultiplexed_seqs/COPE-0557.F.fq.gz,COPE-0557,1471484
/work/hobi/jselwyn/Coryphopterus_RAD/NovaSeq/demultiplexed_seqs/COPE-0558.F.fq.gz,COPE-0558,584917
/work/hobi/jselwyn/Coryphopterus_RAD/NovaSeq/demultiplexed_seqs/COPE-0559.F.fq.gz,COPE-0559,1051334
/work/hobi/jselwyn/Coryphopterus_RAD/NovaSeq/demultiplexed_seqs/COPE-0560.F.fq.gz,COPE-0560,4534018
/work/hobi/jselwyn/Coryphopterus_RAD/NovaSeq/demultiplexed_seqs/COPE-0561.F.fq.gz,COPE-0561,1535252
/work/hobi/jselwyn/Coryphopterus_RAD/NovaSeq/demultiplexed_seqs/COPE-0562.F.fq.gz,COPE-0562,21182
/work/hobi/jselwyn/Coryphopterus_RAD/NovaSeq/demultiplexed_seqs/COPE-0563.F.fq.gz,COPE-0563,1290688
/work/hobi/jselwyn/Coryphopterus_RAD/NovaSeq/demultiplexed_seqs/COPE-0564.F.fq.gz,COPE-0564,809
/work/hobi/jselwyn/Coryphopterus_RAD/NovaSeq/demultiplexed_seqs/COPE-0565.F.fq.gz,COPE-0565,11140518
/work/hobi/jselwyn/Coryphopterus_RAD/NovaSeq/demultiplexed_seqs/COPE-0566.F.fq.gz,COPE-0566,1803676
/work/hobi/jselwyn/Coryphopterus_RAD/NovaSeq/demultiplexed_seqs/COPE-0567.F.fq.gz,COPE-0567,2034029
/work/hobi/jselwyn/Coryphopterus_RAD/NovaSeq/demultiplexed_seqs/COPE-0568.F.fq.gz,COPE-0568,105242
/work/hobi/jselwyn/Coryphopterus_RAD/NovaSeq/demultiplexed_seqs/COPE-0569.F.fq.gz,COPE-0569,648804
/work/hobi/jselwyn/Coryphopterus_RAD/NovaSeq/demultiplexed_seqs/COPE-0570.F.fq.gz,COPE-0570,6064185
/work/hobi/jselwyn/Coryphopterus_RAD/NovaSeq/demultiplexed_seqs/COPE-0571.F.fq.gz,COPE-0571,196447
/work/hobi/jselwyn/Coryphopterus_RAD/NovaSeq/demultiplexed_seqs/COPE-0572.F.fq.gz,COPE-0572,1237350
/work/hobi/jselwyn/Coryphopterus_RAD/NovaSeq/demultiplexed_seqs/COPE-0573.F.fq.gz,COPE-0573,558759
/work/hobi/jselwyn/Coryphopterus_RAD/NovaSeq/demultiplexed_seqs/COPE-0574.F.fq.gz,COPE-0574,2651
/work/hobi/jselwyn/Coryphopterus_RAD/NovaSeq/demultiplexed_seqs/COPE-0575.F.fq.gz,COPE-0575,2113688
/work/hobi/jselwyn/Coryphopterus_RAD/NovaSeq/demultiplexed_seqs/COPE-0576.F.fq.gz,COPE-0576,1273300
/work/hobi/jselwyn/Coryphopterus_RAD/NovaSeq/demultiplexed_seqs/COPE-0577.F.fq.gz,COPE-0577,530222
/work/hobi/jselwyn/Coryphopterus_RAD/NovaSeq/demultiplexed_seqs/COPE-0578.F.fq.gz,COPE-0578,284199
/work/hobi/jselwyn/Coryphopterus_RAD/NovaSeq/demultiplexed_seqs/COPE-0579.F.fq.gz,COPE-0579,5483411
/work/hobi/jselwyn/Coryphopterus_RAD/NovaSeq/demultiplexed_seqs/COPE-0580.F.fq.gz,COPE-0580,318328
/work/hobi/jselwyn/Coryphopterus_RAD/NovaSeq/demultiplexed_seqs/COPE-0581.F.fq.gz,COPE-0581,1106
/work/hobi/jselwyn/Coryphopterus_RAD/NovaSeq/demultiplexed_seqs/COPE-0582.F.fq.gz,COPE-0582,13096251
/work/hobi/jselwyn/Coryphopterus_RAD/NovaSeq/demultiplexed_seqs/COPE-0583.F.fq.gz,COPE-0583,1099206
/work/hobi/jselwyn/Coryphopterus_RAD/NovaSeq/demultiplexed_seqs/COPE-0584.F.fq.gz,COPE-0584,11022166
/work/hobi/jselwyn/Coryphopterus_RAD/NovaSeq/demultiplexed_seqs/COPE-0585.F.fq.gz,COPE-0585,119489
/work/hobi/jselwyn/Coryphopterus_RAD/NovaSeq/demultiplexed_seqs/COPE-0586.F.fq.gz,COPE-0586,958392
/work/hobi/jselwyn/Coryphopterus_RAD/NovaSeq/demultiplexed_seqs/COPE-0587.F.fq.gz,COPE-0587,3241693
/work/hobi/jselwyn/Coryphopterus_RAD/NovaSeq/demultiplexed_seqs/COPE-0588.F.fq.gz,COPE-0588,2052333
/work/hobi/jselwyn/Coryphopterus_RAD/NovaSeq/demultiplexed_seqs/COPE-0589.F.fq.gz,COPE-0589,4091983
/work/hobi/jselwyn/Coryphopterus_RAD/NovaSeq/demultiplexed_seqs/COPE-0590.F.fq.gz,COPE-0590,4151
/work/hobi/jselwyn/Coryphopterus_RAD/NovaSeq/demultiplexed_seqs/COPE-0591.F.fq.gz,COPE-0591,1380275
/work/hobi/jselwyn/Coryphopterus_RAD/NovaSeq/demultiplexed_seqs/COPE-0592.F.fq.gz,COPE-0592,1697344
/work/hobi/jselwyn/Coryphopterus_RAD/NovaSeq/demultiplexed_seqs/COPE-0593.F.fq.gz,COPE-0593,656252
/work/hobi/jselwyn/Coryphopterus_RAD/NovaSeq/demultiplexed_seqs/COPE-0594.F.fq.gz,COPE-0594,1878077
/work/hobi/jselwyn/Coryphopterus_RAD/NovaSeq/demultiplexed_seqs/COPE-0595.F.fq.gz,COPE-0595,4992858
/work/hobi/jselwyn/Coryphopterus_RAD/NovaSeq/demultiplexed_seqs/COPE-0596.F.fq.gz,COPE-0596,10816577
/work/hobi/jselwyn/Coryphopterus_RAD/NovaSeq/demultiplexed_seqs/COPE-0597.F.fq.gz,COPE-0597,3479325
/work/hobi/jselwyn/Coryphopterus_RAD/NovaSeq/demultiplexed_seqs/COPE-0598.F.fq.gz,COPE-0598,35844
/work/hobi/jselwyn/Coryphopterus_RAD/NovaSeq/demultiplexed_seqs/COPE-0599.F.fq.gz,COPE-0599,104090
/work/hobi/jselwyn/Coryphopterus_RAD/NovaSeq/demultiplexed_seqs/COPE-0600.F.fq.gz,COPE-0600,5155542
/work/hobi/jselwyn/Coryphopterus_RAD/NovaSeq/demultiplexed_seqs/COPE-0601.F.fq.gz,COPE-0601,2834310
/work/hobi/jselwyn/Coryphopterus_RAD/NovaSeq/demultiplexed_seqs/COPE-0602.F.fq.gz,COPE-0602,2407830
/work/hobi/jselwyn/Coryphopterus_RAD/NovaSeq/demultiplexed_seqs/COPE-0603.F.fq.gz,COPE-0603,810473
/work/hobi/jselwyn/Coryphopterus_RAD/NovaSeq/demultiplexed_seqs/COPE-0604.F.fq.gz,COPE-0604,361948
/work/hobi/jselwyn/Coryphopterus_RAD/NovaSeq/demultiplexed_seqs/COPE-0605.F.fq.gz,COPE-0605,251472
/work/hobi/jselwyn/Coryphopterus_RAD/NovaSeq/demultiplexed_seqs/COPE-0606.F.fq.gz,COPE-0606,154066
/work/hobi/jselwyn/Coryphopterus_RAD/NovaSeq/demultiplexed_seqs/COPE-0607.F.fq.gz,COPE-0607,5407597
/work/hobi/jselwyn/Coryphopterus_RAD/NovaSeq/demultiplexed_seqs/COPE-0608.F.fq.gz,COPE-0608,1239575
/work/hobi/jselwyn/Coryphopterus_RAD/NovaSeq/demultiplexed_seqs/COPE-0609.F.fq.gz,COPE-0609,3413
/work/hobi/jselwyn/Coryphopterus_RAD/NovaSeq/demultiplexed_seqs/COPE-0610.F.fq.gz,COPE-0610,2262230
/work/hobi/jselwyn/Coryphopterus_RAD/NovaSeq/demultiplexed_seqs/COPE-0611.F.fq.gz,COPE-0611,5545979
/work/hobi/jselwyn/Coryphopterus_RAD/NovaSeq/demultiplexed_seqs/COPE-0612.F.fq.gz,COPE-0612,1746073
/work/hobi/jselwyn/Coryphopterus_RAD/NovaSeq/demultiplexed_seqs/COPE-0613.F.fq.gz,COPE-0613,4004240
/work/hobi/jselwyn/Coryphopterus_RAD/NovaSeq/demultiplexed_seqs/COPE-0614.F.fq.gz,COPE-0614,5766195
/work/hobi/jselwyn/Coryphopterus_RAD/NovaSeq/demultiplexed_seqs/COPE-0615.F.fq.gz,COPE-0615,1498909
/work/hobi/jselwyn/Coryphopterus_RAD/NovaSeq/demultiplexed_seqs/COPE-0616.F.fq.gz,COPE-0616,4394109
/work/hobi/jselwyn/Coryphopterus_RAD/NovaSeq/demultiplexed_seqs/COPE-0617.F.fq.gz,COPE-0617,1349738
/work/hobi/jselwyn/Coryphopterus_RAD/NovaSeq/demultiplexed_seqs/COPE-0618.F.fq.gz,COPE-0618,4483738
/work/hobi/jselwyn/Coryphopterus_RAD/NovaSeq/demultiplexed_seqs/COPE-0619.F.fq.gz,COPE-0619,881746
/work/hobi/jselwyn/Coryphopterus_RAD/NovaSeq/demultiplexed_seqs/COPE-0620.F.fq.gz,COPE-0620,1195657
/work/hobi/jselwyn/Coryphopterus_RAD/NovaSeq/demultiplexed_seqs/COPE-0621.F.fq.gz,COPE-0621,1840150
/work/hobi/jselwyn/Coryphopterus_RAD/NovaSeq/demultiplexed_seqs/COPE-0622.F.fq.gz,COPE-0622,152660
/work/hobi/jselwyn/Coryphopterus_RAD/NovaSeq/demultiplexed_seqs/COPE-0623.F.fq.gz,COPE-0623,3284881
/work/hobi/jselwyn/Coryphopterus_RAD/NovaSeq/demultiplexed_seqs/COPE-0624.F.fq.gz,COPE-0624,1838730
/work/hobi/jselwyn/Coryphopterus_RAD/NovaSeq/demultiplexed_seqs/COPE-0625.F.fq.gz,COPE-0625,84384
/work/hobi/jselwyn/Coryphopterus_RAD/NovaSeq/demultiplexed_seqs/COPE-0626.F.fq.gz,COPE-0626,600492
/work/hobi/jselwyn/Coryphopterus_RAD/NovaSeq/demultiplexed_seqs/COPE-0627.F.fq.gz,COPE-0627,1481907
/work/hobi/jselwyn/Coryphopterus_RAD/NovaSeq/demultiplexed_seqs/COPE-0628.F.fq.gz,COPE-0628,19404
/work/hobi/jselwyn/Coryphopterus_RAD/NovaSeq/demultiplexed_seqs/COPE-0629.F.fq.gz,COPE-0629,1649594
/work/hobi/jselwyn/Coryphopterus_RAD/NovaSeq/demultiplexed_seqs/COPE-0630.F.fq.gz,COPE-0630,3515374
/work/hobi/jselwyn/Coryphopterus_RAD/NovaSeq/demultiplexed_seqs/COPE-0631.F.fq.gz,COPE-0631,2953378
/work/hobi/jselwyn/Coryphopterus_RAD/NovaSeq/demultiplexed_seqs/COPE-0632.F.fq.gz,COPE-0632,351856
/work/hobi/jselwyn/Coryphopterus_RAD/NovaSeq/demultiplexed_seqs/COPE-0633.F.fq.gz,COPE-0633,4176181
/work/hobi/jselwyn/Coryphopterus_RAD/NovaSeq/demultiplexed_seqs/COPE-0634.F.fq.gz,COPE-0634,3628726
/work/hobi/jselwyn/Coryphopterus_RAD/NovaSeq/demultiplexed_seqs/COPE-0635.F.fq.gz,COPE-0635,230002
/work/hobi/jselwyn/Coryphopterus_RAD/NovaSeq/demultiplexed_seqs/COPE-0636.F.fq.gz,COPE-0636,2250389
/work/hobi/jselwyn/Coryphopterus_RAD/NovaSeq/demultiplexed_seqs/COPE-0637.F.fq.gz,COPE-0637,4134521
/work/hobi/jselwyn/Coryphopterus_RAD/NovaSeq/demultiplexed_seqs/COPE-0638.F.fq.gz,COPE-0638,2322143
/work/hobi/jselwyn/Coryphopterus_RAD/NovaSeq/demultiplexed_seqs/COPE-0639.F.fq.gz,COPE-0639,4759538
/work/hobi/jselwyn/Coryphopterus_RAD/NovaSeq/demultiplexed_seqs/COPE-0640.F.fq.gz,COPE-0640,7764292
/work/hobi/jselwyn/Coryphopterus_RAD/NovaSeq/demultiplexed_seqs/COPE-0641.F.fq.gz,COPE-0641,12214
/work/hobi/jselwyn/Coryphopterus_RAD/NovaSeq/demultiplexed_seqs/COPE-0642.F.fq.gz,COPE-0642,788201
/work/hobi/jselwyn/Coryphopterus_RAD/NovaSeq/demultiplexed_seqs/COPE-0643.F.fq.gz,COPE-0643,693373
/work/hobi/jselwyn/Coryphopterus_RAD/NovaSeq/demultiplexed_seqs/COPE-0644.F.fq.gz,COPE-0644,793637
/work/hobi/jselwyn/Coryphopterus_RAD/NovaSeq/demultiplexed_seqs/COPE-0645.F.fq.gz,COPE-0645,5616449
/work/hobi/jselwyn/Coryphopterus_RAD/NovaSeq/demultiplexed_seqs/COPE-0646.F.fq.gz,COPE-0646,364836
/work/hobi/jselwyn/Coryphopterus_RAD/NovaSeq/demultiplexed_seqs/COPE-0647.F.fq.gz,COPE-0647,2041134
/work/hobi/jselwyn/Coryphopterus_RAD/NovaSeq/demultiplexed_seqs/COPE-0648.F.fq.gz,COPE-0648,133046
/work/hobi/jselwyn/Coryphopterus_RAD/NovaSeq/demultiplexed_seqs/COPE-0649.F.fq.gz,COPE-0649,4007551
/work/hobi/jselwyn/Coryphopterus_RAD/NovaSeq/demultiplexed_seqs/COPE-0650.F.fq.gz,COPE-0650,4005817
/work/hobi/jselwyn/Coryphopterus_RAD/NovaSeq/demultiplexed_seqs/COPE-0651.F.fq.gz,COPE-0651,1311247
/work/hobi/jselwyn/Coryphopterus_RAD/NovaSeq/demultiplexed_seqs/COPE-0652.F.fq.gz,COPE-0652,1023008
/work/hobi/jselwyn/Coryphopterus_RAD/NovaSeq/demultiplexed_seqs/COPE-0653.F.fq.gz,COPE-0653,1014943
/work/hobi/jselwyn/Coryphopterus_RAD/NovaSeq/demultiplexed_seqs/COPE-0654.F.fq.gz,COPE-0654,1065437
/work/hobi/jselwyn/Coryphopterus_RAD/NovaSeq/demultiplexed_seqs/COPE-0655.F.fq.gz,COPE-0655,1115987
/work/hobi/jselwyn/Coryphopterus_RAD/NovaSeq/demultiplexed_seqs/COPE-0656.F.fq.gz,COPE-0656,393080
/work/hobi/jselwyn/Coryphopterus_RAD/NovaSeq/demultiplexed_seqs/COPE-0657.F.fq.gz,COPE-0657,2947807
/work/hobi/jselwyn/Coryphopterus_RAD/NovaSeq/demultiplexed_seqs/COPE-0658.F.fq.gz,COPE-0658,765585
/work/hobi/jselwyn/Coryphopterus_RAD/NovaSeq/demultiplexed_seqs/COPE-0659.F.fq.gz,COPE-0659,324476
/work/hobi/jselwyn/Coryphopterus_RAD/NovaSeq/demultiplexed_seqs/COPE-0660.F.fq.gz,COPE-0660,917623
/work/hobi/jselwyn/Coryphopterus_RAD/NovaSeq/demultiplexed_seqs/COPE-0661.F.fq.gz,COPE-0661,7556904
/work/hobi/jselwyn/Coryphopterus_RAD/NovaSeq/demultiplexed_seqs/COPE-0662.F.fq.gz,COPE-0662,2275287
/work/hobi/jselwyn/Coryphopterus_RAD/NovaSeq/demultiplexed_seqs/COPE-0663.F.fq.gz,COPE-0663,7677706
/work/hobi/jselwyn/Coryphopterus_RAD/NovaSeq/demultiplexed_seqs/COPE-0664.F.fq.gz,COPE-0664,2772948
/work/hobi/jselwyn/Coryphopterus_RAD/NovaSeq/demultiplexed_seqs/COPE-0665.F.fq.gz,COPE-0665,1516388
/work/hobi/jselwyn/Coryphopterus_RAD/NovaSeq/demultiplexed_seqs/COPE-0666.F.fq.gz,COPE-0666,80872
/work/hobi/jselwyn/Coryphopterus_RAD/NovaSeq/demultiplexed_seqs/COPE-0667.F.fq.gz,COPE-0667,3124944
/work/hobi/jselwyn/Coryphopterus_RAD/NovaSeq/demultiplexed_seqs/COPE-0668.F.fq.gz,COPE-0668,492361
/work/hobi/jselwyn/Coryphopterus_RAD/NovaSeq/demultiplexed_seqs/COPE-0669.F.fq.gz,COPE-0669,311952
/work/hobi/jselwyn/Coryphopterus_RAD/NovaSeq/demultiplexed_seqs/COPE-0670.F.fq.gz,COPE-0670,150639
/work/hobi/jselwyn/Coryphopterus_RAD/NovaSeq/demultiplexed_seqs/COPE-0671.F.fq.gz,COPE-0671,1058837
/work/hobi/jselwyn/Coryphopterus_RAD/NovaSeq/demultiplexed_seqs/COPE-0672.F.fq.gz,COPE-0672,466538
/work/hobi/jselwyn/Coryphopterus_RAD/NovaSeq/demultiplexed_seqs/COPE-0673.F.fq.gz,COPE-0673,1457331
/work/hobi/jselwyn/Coryphopterus_RAD/NovaSeq/demultiplexed_seqs/COPE-0674.F.fq.gz,COPE-0674,4006487
/work/hobi/jselwyn/Coryphopterus_RAD/NovaSeq/demultiplexed_seqs/COPE-0675.F.fq.gz,COPE-0675,9051896
/work/hobi/jselwyn/Coryphopterus_RAD/NovaSeq/demultiplexed_seqs/COPE-0676.F.fq.gz,COPE-0676,1934230
/work/hobi/jselwyn/Coryphopterus_RAD/NovaSeq/demultiplexed_seqs/COPE-0677.F.fq.gz,COPE-0677,5926350
/work/hobi/jselwyn/Coryphopterus_RAD/NovaSeq/demultiplexed_seqs/COPE-0678.F.fq.gz,COPE-0678,870911
/work/hobi/jselwyn/Coryphopterus_RAD/NovaSeq/demultiplexed_seqs/COPE-0679.F.fq.gz,COPE-0679,728946
/work/hobi/jselwyn/Coryphopterus_RAD/NovaSeq/demultiplexed_seqs/COPE-0680.F.fq.gz,COPE-0680,2024413
/work/hobi/jselwyn/Coryphopterus_RAD/NovaSeq/demultiplexed_seqs/COPE-0681.F.fq.gz,COPE-0681,738110
/work/hobi/jselwyn/Coryphopterus_RAD/NovaSeq/demultiplexed_seqs/COPE-0682.F.fq.gz,COPE-0682,4184742
/work/hobi/jselwyn/Coryphopterus_RAD/NovaSeq/demultiplexed_seqs/COPE-0683.F.fq.gz,COPE-0683,3502742
/work/hobi/jselwyn/Coryphopterus_RAD/NovaSeq/demultiplexed_seqs/COPE-0684.F.fq.gz,COPE-0684,1487778
/work/hobi/jselwyn/Coryphopterus_RAD/NovaSeq/demultiplexed_seqs/COPE-0685.F.fq.gz,COPE-0685,1038671
/work/hobi/jselwyn/Coryphopterus_RAD/NovaSeq/demultiplexed_seqs/COPE-0686.F.fq.gz,COPE-0686,743877
/work/hobi/jselwyn/Coryphopterus_RAD/NovaSeq/demultiplexed_seqs/COPE-0687.F.fq.gz,COPE-0687,314832
/work/hobi/jselwyn/Coryphopterus_RAD/NovaSeq/demultiplexed_seqs/COPE-0688.F.fq.gz,COPE-0688,2031109
/work/hobi/jselwyn/Coryphopterus_RAD/NovaSeq/demultiplexed_seqs/COPE-0689.F.fq.gz,COPE-0689,5479
/work/hobi/jselwyn/Coryphopterus_RAD/NovaSeq/demultiplexed_seqs/COPE-0690.F.fq.gz,COPE-0690,1538076
/work/hobi/jselwyn/Coryphopterus_RAD/NovaSeq/demultiplexed_seqs/COPE-0691.F.fq.gz,COPE-0691,9511
/work/hobi/jselwyn/Coryphopterus_RAD/NovaSeq/demultiplexed_seqs/COPE-0692.F.fq.gz,COPE-0692,1380545
/work/hobi/jselwyn/Coryphopterus_RAD/NovaSeq/demultiplexed_seqs/COPE-0693.F.fq.gz,COPE-0693,1425792
/work/hobi/jselwyn/Coryphopterus_RAD/NovaSeq/demultiplexed_seqs/COPE-0694.F.fq.gz,COPE-0694,2600610
/work/hobi/jselwyn/Coryphopterus_RAD/NovaSeq/demultiplexed_seqs/COPE-0695.F.fq.gz,COPE-0695,3494532
/work/hobi/jselwyn/Coryphopterus_RAD/NovaSeq/demultiplexed_seqs/COPE-0696.F.fq.gz,COPE-0696,3284554
/work/hobi/jselwyn/Coryphopterus_RAD/NovaSeq/demultiplexed_seqs/COPE-0697.F.fq.gz,COPE-0697,1508019
/work/hobi/jselwyn/Coryphopterus_RAD/NovaSeq/demultiplexed_seqs/COPE-0698.F.fq.gz,COPE-0698,209924
/work/hobi/jselwyn/Coryphopterus_RAD/NovaSeq/demultiplexed_seqs/COPE-0699.F.fq.gz,COPE-0699,12214359
/work/hobi/jselwyn/Coryphopterus_RAD/NovaSeq/demultiplexed_seqs/COPE-0700.F.fq.gz,COPE-0700,2871267
/work/hobi/jselwyn/Coryphopterus_RAD/NovaSeq/demultiplexed_seqs/COPE-0701.F.fq.gz,COPE-0701,423512
/work/hobi/jselwyn/Coryphopterus_RAD/NovaSeq/demultiplexed_seqs/COPE-0702.F.fq.gz,COPE-0702,3868849
/work/hobi/jselwyn/Coryphopterus_RAD/NovaSeq/demultiplexed_seqs/COPE-0703.F.fq.gz,COPE-0703,1286256
/work/hobi/jselwyn/Coryphopterus_RAD/NovaSeq/demultiplexed_seqs/COPE-0704.F.fq.gz,COPE-0704,561637
/work/hobi/jselwyn/Coryphopterus_RAD/NovaSeq/demultiplexed_seqs/COPE-0705.F.fq.gz,COPE-0705,8716957
/work/hobi/jselwyn/Coryphopterus_RAD/NovaSeq/demultiplexed_seqs/COPE-0706.F.fq.gz,COPE-0706,1749378
/work/hobi/jselwyn/Coryphopterus_RAD/NovaSeq/demultiplexed_seqs/COPE-0707.F.fq.gz,COPE-0707,264152
/work/hobi/jselwyn/Coryphopterus_RAD/NovaSeq/demultiplexed_seqs/COPE-0708.F.fq.gz,COPE-0708,5238623
/work/hobi/jselwyn/Coryphopterus_RAD/NovaSeq/demultiplexed_seqs/COPE-0709.F.fq.gz,COPE-0709,4859794
/work/hobi/jselwyn/Coryphopterus_RAD/NovaSeq/demultiplexed_seqs/COPE-0710.F.fq.gz,COPE-0710,24135
/work/hobi/jselwyn/Coryphopterus_RAD/NovaSeq/demultiplexed_seqs/COPE-0711.F.fq.gz,COPE-0711,2615284
/work/hobi/jselwyn/Coryphopterus_RAD/NovaSeq/demultiplexed_seqs/COPE-0712.F.fq.gz,COPE-0712,2502107
/work/hobi/jselwyn/Coryphopterus_RAD/NovaSeq/demultiplexed_seqs/COPE-0713.F.fq.gz,COPE-0713,2340244
/work/hobi/jselwyn/Coryphopterus_RAD/NovaSeq/demultiplexed_seqs/COPE-0714.F.fq.gz,COPE-0714,7567
/work/hobi/jselwyn/Coryphopterus_RAD/NovaSeq/demultiplexed_seqs/COPE-0715.F.fq.gz,COPE-0715,262126
/work/hobi/jselwyn/Coryphopterus_RAD/NovaSeq/demultiplexed_seqs/COPE-0716.F.fq.gz,COPE-0716,3492268
/work/hobi/jselwyn/Coryphopterus_RAD/NovaSeq/demultiplexed_seqs/COPE-0717.F.fq.gz,COPE-0717,2329262
/work/hobi/jselwyn/Coryphopterus_RAD/NovaSeq/demultiplexed_seqs/COPE-0718.F.fq.gz,COPE-0718,2740237
/work/hobi/jselwyn/Coryphopterus_RAD/NovaSeq/demultiplexed_seqs/COPE-0719.F.fq.gz,COPE-0719,1732705
/work/hobi/jselwyn/Coryphopterus_RAD/NovaSeq/demultiplexed_seqs/COPE-0720.F.fq.gz,COPE-0720,709243
/work/hobi/jselwyn/Coryphopterus_RAD/NovaSeq/demultiplexed_seqs/COPE-0721.F.fq.gz,COPE-0721,1973212
/work/hobi/jselwyn/Coryphopterus_RAD/NovaSeq/demultiplexed_seqs/COPE-0722.F.fq.gz,COPE-0722,2572661
/work/hobi/jselwyn/Coryphopterus_RAD/NovaSeq/demultiplexed_seqs/COPE-0723.F.fq.gz,COPE-0723,2650104
/work/hobi/jselwyn/Coryphopterus_RAD/NovaSeq/demultiplexed_seqs/COPE-0724.F.fq.gz,COPE-0724,199150
/work/hobi/jselwyn/Coryphopterus_RAD/NovaSeq/demultiplexed_seqs/COPE-0725.F.fq.gz,COPE-0725,3483997
/work/hobi/jselwyn/Coryphopterus_RAD/NovaSeq/demultiplexed_seqs/COPE-0726.F.fq.gz,COPE-0726,3934908
/work/hobi/jselwyn/Coryphopterus_RAD/NovaSeq/demultiplexed_seqs/COPE-0727.F.fq.gz,COPE-0727,386167
/work/hobi/jselwyn/Coryphopterus_RAD/NovaSeq/demultiplexed_seqs/COPE-0728.F.fq.gz,COPE-0728,415762
/work/hobi/jselwyn/Coryphopterus_RAD/NovaSeq/demultiplexed_seqs/COPE-0729.F.fq.gz,COPE-0729,1682323
/work/hobi/jselwyn/Coryphopterus_RAD/NovaSeq/demultiplexed_seqs/COPE-0730.F.fq.gz,COPE-0730,1189181
/work/hobi/jselwyn/Coryphopterus_RAD/NovaSeq/demultiplexed_seqs/COPE-0731.F.fq.gz,COPE-0731,1065644
/work/hobi/jselwyn/Coryphopterus_RAD/NovaSeq/demultiplexed_seqs/COPE-0732.F.fq.gz,COPE-0732,1799184
/work/hobi/jselwyn/Coryphopterus_RAD/NovaSeq/demultiplexed_seqs/COPE-0733.F.fq.gz,COPE-0733,6856
/work/hobi/jselwyn/Coryphopterus_RAD/NovaSeq/demultiplexed_seqs/COPE-0734.F.fq.gz,COPE-0734,3766172
/work/hobi/jselwyn/Coryphopterus_RAD/NovaSeq/demultiplexed_seqs/COPE-0735.F.fq.gz,COPE-0735,9223711
/work/hobi/jselwyn/Coryphopterus_RAD/NovaSeq/demultiplexed_seqs/COPE-0736.F.fq.gz,COPE-0736,110631
/work/hobi/jselwyn/Coryphopterus_RAD/NovaSeq/demultiplexed_seqs/COPE-0737.F.fq.gz,COPE-0737,1278387
/work/hobi/jselwyn/Coryphopterus_RAD/NovaSeq/demultiplexed_seqs/COPE-0738.F.fq.gz,COPE-0738,2570378
/work/hobi/jselwyn/Coryphopterus_RAD/NovaSeq/demultiplexed_seqs/COPE-0739.F.fq.gz,COPE-0739,2711058
/work/hobi/jselwyn/Coryphopterus_RAD/NovaSeq/demultiplexed_seqs/COPE-0740.F.fq.gz,COPE-0740,291554
/work/hobi/jselwyn/Coryphopterus_RAD/NovaSeq/demultiplexed_seqs/COPE-0741.F.fq.gz,COPE-0741,1896149
/work/hobi/jselwyn/Coryphopterus_RAD/NovaSeq/demultiplexed_seqs/COPE-0742.F.fq.gz,COPE-0742,1269386
/work/hobi/jselwyn/Coryphopterus_RAD/NovaSeq/demultiplexed_seqs/COPE-0743.F.fq.gz,COPE-0743,978461
/work/hobi/jselwyn/Coryphopterus_RAD/NovaSeq/demultiplexed_seqs/COPE-0744.F.fq.gz,COPE-0744,7379843
/work/hobi/jselwyn/Coryphopterus_RAD/NovaSeq/demultiplexed_seqs/COPE-0745.F.fq.gz,COPE-0745,156728
/work/hobi/jselwyn/Coryphopterus_RAD/NovaSeq/demultiplexed_seqs/COPE-0746.F.fq.gz,COPE-0746,3033901
/work/hobi/jselwyn/Coryphopterus_RAD/NovaSeq/demultiplexed_seqs/COPE-0747.F.fq.gz,COPE-0747,183851
/work/hobi/jselwyn/Coryphopterus_RAD/NovaSeq/demultiplexed_seqs/COPE-0748.F.fq.gz,COPE-0748,4339236
/work/hobi/jselwyn/Coryphopterus_RAD/NovaSeq/demultiplexed_seqs/COPE-0749.F.fq.gz,COPE-0749,5386310
/work/hobi/jselwyn/Coryphopterus_RAD/NovaSeq/demultiplexed_seqs/COPE-0750.F.fq.gz,COPE-0750,1478907
/work/hobi/jselwyn/Coryphopterus_RAD/NovaSeq/demultiplexed_seqs/COPE-0751.F.fq.gz,COPE-0751,707862
/work/hobi/jselwyn/Coryphopterus_RAD/NovaSeq/demultiplexed_seqs/COPE-0752.F.fq.gz,COPE-0752,2568094
/work/hobi/jselwyn/Coryphopterus_RAD/NovaSeq/demultiplexed_seqs/COPE-0753.F.fq.gz,COPE-0753,2685972
/work/hobi/jselwyn/Coryphopterus_RAD/NovaSeq/demultiplexed_seqs/COPE-0754.F.fq.gz,COPE-0754,4096249
/work/hobi/jselwyn/Coryphopterus_RAD/NovaSeq/demultiplexed_seqs/COPE-0755.F.fq.gz,COPE-0755,6934566
/work/hobi/jselwyn/Coryphopterus_RAD/NovaSeq/demultiplexed_seqs/COPE-0756.F.fq.gz,COPE-0756,2555344
/work/hobi/jselwyn/Coryphopterus_RAD/NovaSeq/demultiplexed_seqs/COPE-0757.F.fq.gz,COPE-0757,1416512
/work/hobi/jselwyn/Coryphopterus_RAD/NovaSeq/demultiplexed_seqs/COPE-0758.F.fq.gz,COPE-0758,4318221
/work/hobi/jselwyn/Coryphopterus_RAD/NovaSeq/demultiplexed_seqs/COPE-0759.F.fq.gz,COPE-0759,2228572
/work/hobi/jselwyn/Coryphopterus_RAD/NovaSeq/demultiplexed_seqs/COPE-0760.F.fq.gz,COPE-0760,481858
/work/hobi/jselwyn/Coryphopterus_RAD/NovaSeq/demultiplexed_seqs/COPE-0761.F.fq.gz,COPE-0761,207870
/work/hobi/jselwyn/Coryphopterus_RAD/NovaSeq/demultiplexed_seqs/COPE-0762.F.fq.gz,COPE-0762,1914859
/work/hobi/jselwyn/Coryphopterus_RAD/NovaSeq/demultiplexed_seqs/COPE-0763.F.fq.gz,COPE-0763,4972801
/work/hobi/jselwyn/Coryphopterus_RAD/NovaSeq/demultiplexed_seqs/COPE-0764.F.fq.gz,COPE-0764,326426
/work/hobi/jselwyn/Coryphopterus_RAD/NovaSeq/demultiplexed_seqs/COPE-0765.F.fq.gz,COPE-0765,5090315
/work/hobi/jselwyn/Coryphopterus_RAD/NovaSeq/demultiplexed_seqs/COPE-0766.F.fq.gz,COPE-0766,1241349
/work/hobi/jselwyn/Coryphopterus_RAD/NovaSeq/demultiplexed_seqs/COPE-0767.F.fq.gz,COPE-0767,2149096
/work/hobi/jselwyn/Coryphopterus_RAD/NovaSeq/demultiplexed_seqs/COPE-0768.F.fq.gz,COPE-0768,2577453
/work/hobi/jselwyn/Coryphopterus_RAD/NovaSeq/demultiplexed_seqs/COPE-0769.F.fq.gz,COPE-0769,1610837
/work/hobi/jselwyn/Coryphopterus_RAD/NovaSeq/demultiplexed_seqs/COPE-0770.F.fq.gz,COPE-0770,2334282
/work/hobi/jselwyn/Coryphopterus_RAD/NovaSeq/demultiplexed_seqs/COPE-0771.F.fq.gz,COPE-0771,1908327
/work/hobi/jselwyn/Coryphopterus_RAD/NovaSeq/demultiplexed_seqs/COPE-0772.F.fq.gz,COPE-0772,6077367
/work/hobi/jselwyn/Coryphopterus_RAD/NovaSeq/demultiplexed_seqs/COPE-0773.F.fq.gz,COPE-0773,2118345
/work/hobi/jselwyn/Coryphopterus_RAD/NovaSeq/demultiplexed_seqs/COPE-0774.F.fq.gz,COPE-0774,136140
/work/hobi/jselwyn/Coryphopterus_RAD/NovaSeq/demultiplexed_seqs/COPE-0775.F.fq.gz,COPE-0775,1335342
/work/hobi/jselwyn/Coryphopterus_RAD/NovaSeq/demultiplexed_seqs/COPE-0776.F.fq.gz,COPE-0776,730171
/work/hobi/jselwyn/Coryphopterus_RAD/NovaSeq/demultiplexed_seqs/COPE-0777.F.fq.gz,COPE-0777,17766
/work/hobi/jselwyn/Coryphopterus_RAD/NovaSeq/demultiplexed_seqs/COPE-0778.F.fq.gz,COPE-0778,1717274
/work/hobi/jselwyn/Coryphopterus_RAD/NovaSeq/demultiplexed_seqs/COPE-0779.F.fq.gz,COPE-0779,16190
/work/hobi/jselwyn/Coryphopterus_RAD/NovaSeq/demultiplexed_seqs/COPE-0780.F.fq.gz,COPE-0780,342429
/work/hobi/jselwyn/Coryphopterus_RAD/NovaSeq/demultiplexed_seqs/COPE-0781.F.fq.gz,COPE-0781,246718
/work/hobi/jselwyn/Coryphopterus_RAD/NovaSeq/demultiplexed_seqs/COPE-0782.F.fq.gz,COPE-0782,9480728
/work/hobi/jselwyn/Coryphopterus_RAD/NovaSeq/demultiplexed_seqs/COPE-0783.F.fq.gz,COPE-0783,262896
/work/hobi/jselwyn/Coryphopterus_RAD/NovaSeq/demultiplexed_seqs/COPE-0784.F.fq.gz,COPE-0784,1208480
/work/hobi/jselwyn/Coryphopterus_RAD/NovaSeq/demultiplexed_seqs/COPE-0785.F.fq.gz,COPE-0785,4075458
/work/hobi/jselwyn/Coryphopterus_RAD/NovaSeq/demultiplexed_seqs/COPE-0786.F.fq.gz,COPE-0786,414362
/work/hobi/jselwyn/Coryphopterus_RAD/NovaSeq/demultiplexed_seqs/COPE-0787.F.fq.gz,COPE-0787,276839
/work/hobi/jselwyn/Coryphopterus_RAD/NovaSeq/demultiplexed_seqs/COPE-0788.F.fq.gz,COPE-0788,9951858
/work/hobi/jselwyn/Coryphopterus_RAD/NovaSeq/demultiplexed_seqs/COPE-0789.F.fq.gz,COPE-0789,2780096
/work/hobi/jselwyn/Coryphopterus_RAD/NovaSeq/demultiplexed_seqs/COPE-0790.F.fq.gz,COPE-0790,1881628
/work/hobi/jselwyn/Coryphopterus_RAD/NovaSeq/demultiplexed_seqs/COPE-0791.F.fq.gz,COPE-0791,4971373
/work/hobi/jselwyn/Coryphopterus_RAD/NovaSeq/demultiplexed_seqs/COPE-0792.F.fq.gz,COPE-0792,123616
/work/hobi/jselwyn/Coryphopterus_RAD/NovaSeq/demultiplexed_seqs/COPE-0793.F.fq.gz,COPE-0793,337129
/work/hobi/jselwyn/Coryphopterus_RAD/NovaSeq/demultiplexed_seqs/COPE-0794.F.fq.gz,COPE-0794,782326
/work/hobi/jselwyn/Coryphopterus_RAD/NovaSeq/demultiplexed_seqs/COPE-0795.F.fq.gz,COPE-0795,713538
/work/hobi/jselwyn/Coryphopterus_RAD/NovaSeq/demultiplexed_seqs/COPE-0796.F.fq.gz,COPE-0796,4685596
/work/hobi/jselwyn/Coryphopterus_RAD/NovaSeq/demultiplexed_seqs/COPE-0797.F.fq.gz,COPE-0797,2052643
/work/hobi/jselwyn/Coryphopterus_RAD/NovaSeq/demultiplexed_seqs/COPE-0798.F.fq.gz,COPE-0798,1050824
/work/hobi/jselwyn/Coryphopterus_RAD/NovaSeq/demultiplexed_seqs/COPE-0799.F.fq.gz,COPE-0799,9358171
/work/hobi/jselwyn/Coryphopterus_RAD/NovaSeq/demultiplexed_seqs/COPE-0800.F.fq.gz,COPE-0800,2700384
/work/hobi/jselwyn/Coryphopterus_RAD/NovaSeq/demultiplexed_seqs/COPE-0801.F.fq.gz,COPE-0801,12159914
/work/hobi/jselwyn/Coryphopterus_RAD/NovaSeq/demultiplexed_seqs/COPE-0802.F.fq.gz,COPE-0802,59375
/work/hobi/jselwyn/Coryphopterus_RAD/NovaSeq/demultiplexed_seqs/COPE-0803.F.fq.gz,COPE-0803,1743487
/work/hobi/jselwyn/Coryphopterus_RAD/NovaSeq/demultiplexed_seqs/COPE-0804.F.fq.gz,COPE-0804,114006
/work/hobi/jselwyn/Coryphopterus_RAD/NovaSeq/demultiplexed_seqs/COPE-0805.F.fq.gz,COPE-0805,2683910
/work/hobi/jselwyn/Coryphopterus_RAD/NovaSeq/demultiplexed_seqs/COPE-0806.F.fq.gz,COPE-0806,242785
/work/hobi/jselwyn/Coryphopterus_RAD/NovaSeq/demultiplexed_seqs/COPE-0807.F.fq.gz,COPE-0807,209435
/work/hobi/jselwyn/Coryphopterus_RAD/NovaSeq/demultiplexed_seqs/COPE-0808.F.fq.gz,COPE-0808,1867709
/work/hobi/jselwyn/Coryphopterus_RAD/NovaSeq/demultiplexed_seqs/COPE-0809.F.fq.gz,COPE-0809,2053179
/work/hobi/jselwyn/Coryphopterus_RAD/NovaSeq/demultiplexed_seqs/COPE-0810.F.fq.gz,COPE-0810,161767
/work/hobi/jselwyn/Coryphopterus_RAD/NovaSeq/demultiplexed_seqs/COPE-0811.F.fq.gz,COPE-0811,364273
/work/hobi/jselwyn/Coryphopterus_RAD/NovaSeq/demultiplexed_seqs/COPE-0812.F.fq.gz,COPE-0812,1563563
/work/hobi/jselwyn/Coryphopterus_RAD/NovaSeq/demultiplexed_seqs/COPE-0813.F.fq.gz,COPE-0813,1811210
/work/hobi/jselwyn/Coryphopterus_RAD/NovaSeq/demultiplexed_seqs/COPE-0814.F.fq.gz,COPE-0814,3521325
/work/hobi/jselwyn/Coryphopterus_RAD/NovaSeq/demultiplexed_seqs/COPE-0815.F.fq.gz,COPE-0815,731277
/work/hobi/jselwyn/Coryphopterus_RAD/NovaSeq/demultiplexed_seqs/COPE-0816.F.fq.gz,COPE-0816,1254733
/work/hobi/jselwyn/Coryphopterus_RAD/NovaSeq/demultiplexed_seqs/COPE-0817.F.fq.gz,COPE-0817,331342
/work/hobi/jselwyn/Coryphopterus_RAD/NovaSeq/demultiplexed_seqs/COPE-0818.F.fq.gz,COPE-0818,5624698
/work/hobi/jselwyn/Coryphopterus_RAD/NovaSeq/demultiplexed_seqs/COPE-0819.F.fq.gz,COPE-0819,1855761
/work/hobi/jselwyn/Coryphopterus_RAD/NovaSeq/demultiplexed_seqs/COPE-0820.F.fq.gz,COPE-0820,339570
/work/hobi/jselwyn/Coryphopterus_RAD/NovaSeq/demultiplexed_seqs/COPE-0821.F.fq.gz,COPE-0821,1963122
/work/hobi/jselwyn/Coryphopterus_RAD/NovaSeq/demultiplexed_seqs/COPE-0822.F.fq.gz,COPE-0822,4639535
/work/hobi/jselwyn/Coryphopterus_RAD/NovaSeq/demultiplexed_seqs/COPE-0823.F.fq.gz,COPE-0823,1071291
/work/hobi/jselwyn/Coryphopterus_RAD/NovaSeq/demultiplexed_seqs/COPE-0824.F.fq.gz,COPE-0824,689166
/work/hobi/jselwyn/Coryphopterus_RAD/NovaSeq/demultiplexed_seqs/COPE-0825.F.fq.gz,COPE-0825,147737
/work/hobi/jselwyn/Coryphopterus_RAD/NovaSeq/demultiplexed_seqs/COPE-0826.F.fq.gz,COPE-0826,5106628
/work/hobi/jselwyn/Coryphopterus_RAD/NovaSeq/demultiplexed_seqs/COPE-0827.F.fq.gz,COPE-0827,19150
/work/hobi/jselwyn/Coryphopterus_RAD/NovaSeq/demultiplexed_seqs/COPE-0828.F.fq.gz,COPE-0828,314047
/work/hobi/jselwyn/Coryphopterus_RAD/NovaSeq/demultiplexed_seqs/COPE-0829.F.fq.gz,COPE-0829,288502
/work/hobi/jselwyn/Coryphopterus_RAD/NovaSeq/demultiplexed_seqs/COPE-0830.F.fq.gz,COPE-0830,1183736
/work/hobi/jselwyn/Coryphopterus_RAD/NovaSeq/demultiplexed_seqs/COPE-0831.F.fq.gz,COPE-0831,13081013
/work/hobi/jselwyn/Coryphopterus_RAD/NovaSeq/demultiplexed_seqs/COPE-0832.F.fq.gz,COPE-0832,60632
/work/hobi/jselwyn/Coryphopterus_RAD/NovaSeq/demultiplexed_seqs/COPE-0833.F.fq.gz,COPE-0833,10660548
/work/hobi/jselwyn/Coryphopterus_RAD/NovaSeq/demultiplexed_seqs/COPE-0834.F.fq.gz,COPE-0834,420397
/work/hobi/jselwyn/Coryphopterus_RAD/NovaSeq/demultiplexed_seqs/COPE-0835.F.fq.gz,COPE-0835,215120
/work/hobi/jselwyn/Coryphopterus_RAD/NovaSeq/demultiplexed_seqs/COPE-0836.F.fq.gz,COPE-0836,3305651
/work/hobi/jselwyn/Coryphopterus_RAD/NovaSeq/demultiplexed_seqs/COPE-0837.F.fq.gz,COPE-0837,1781829
/work/hobi/jselwyn/Coryphopterus_RAD/NovaSeq/demultiplexed_seqs/COPE-0838.F.fq.gz,COPE-0838,63479
/work/hobi/jselwyn/Coryphopterus_RAD/NovaSeq/demultiplexed_seqs/COPE-0839.F.fq.gz,COPE-0839,18981
/work/hobi/jselwyn/Coryphopterus_RAD/NovaSeq/demultiplexed_seqs/COPE-0840.F.fq.gz,COPE-0840,2677826
/work/hobi/jselwyn/Coryphopterus_RAD/NovaSeq/demultiplexed_seqs/COPE-0841.F.fq.gz,COPE-0841,3781052
/work/hobi/jselwyn/Coryphopterus_RAD/NovaSeq/demultiplexed_seqs/COPE-0842.F.fq.gz,COPE-0842,2257415
/work/hobi/jselwyn/Coryphopterus_RAD/NovaSeq/demultiplexed_seqs/COPE-0843.F.fq.gz,COPE-0843,755787
/work/hobi/jselwyn/Coryphopterus_RAD/NovaSeq/demultiplexed_seqs/COPE-0844.F.fq.gz,COPE-0844,5479
/work/hobi/jselwyn/Coryphopterus_RAD/NovaSeq/demultiplexed_seqs/COPE-0845.F.fq.gz,COPE-0845,184332
/work/hobi/jselwyn/Coryphopterus_RAD/NovaSeq/demultiplexed_seqs/COPE-0846.F.fq.gz,COPE-0846,5775173
/work/hobi/jselwyn/Coryphopterus_RAD/NovaSeq/demultiplexed_seqs/COPE-0847.F.fq.gz,COPE-0847,171995
/work/hobi/jselwyn/Coryphopterus_RAD/NovaSeq/demultiplexed_seqs/COPE-0848.F.fq.gz,COPE-0848,3931462
/work/hobi/jselwyn/Coryphopterus_RAD/NovaSeq/demultiplexed_seqs/COPE-0849.F.fq.gz,COPE-0849,3357650
/work/hobi/jselwyn/Coryphopterus_RAD/NovaSeq/demultiplexed_seqs/COPE-0850.F.fq.gz,COPE-0850,592440
/work/hobi/jselwyn/Coryphopterus_RAD/NovaSeq/demultiplexed_seqs/COPE-0851.F.fq.gz,COPE-0851,4267440
/work/hobi/jselwyn/Coryphopterus_RAD/NovaSeq/demultiplexed_seqs/COPE-0852.F.fq.gz,COPE-0852,417446
/work/hobi/jselwyn/Coryphopterus_RAD/NovaSeq/demultiplexed_seqs/COPE-0853.F.fq.gz,COPE-0853,1605132
/work/hobi/jselwyn/Coryphopterus_RAD/NovaSeq/demultiplexed_seqs/COPE-0854.F.fq.gz,COPE-0854,245228
/work/hobi/jselwyn/Coryphopterus_RAD/NovaSeq/demultiplexed_seqs/COPE-0855.F.fq.gz,COPE-0855,153976
/work/hobi/jselwyn/Coryphopterus_RAD/NovaSeq/demultiplexed_seqs/COPE-0856.F.fq.gz,COPE-0856,798480
/work/hobi/jselwyn/Coryphopterus_RAD/NovaSeq/demultiplexed_seqs/COPE-0857.F.fq.gz,COPE-0857,3042362
/work/hobi/jselwyn/Coryphopterus_RAD/NovaSeq/demultiplexed_seqs/COPE-0858.F.fq.gz,COPE-0858,91550
/work/hobi/jselwyn/Coryphopterus_RAD/NovaSeq/demultiplexed_seqs/COPE-0859.F.fq.gz,COPE-0859,96467
/work/hobi/jselwyn/Coryphopterus_RAD/NovaSeq/demultiplexed_seqs/COPE-0860.F.fq.gz,COPE-0860,798104
/work/hobi/jselwyn/Coryphopterus_RAD/NovaSeq/demultiplexed_seqs/COPE-0861.F.fq.gz,COPE-0861,344422
/work/hobi/jselwyn/Coryphopterus_RAD/NovaSeq/demultiplexed_seqs/COPE-0862.F.fq.gz,COPE-0862,1804382
/work/hobi/jselwyn/Coryphopterus_RAD/NovaSeq/demultiplexed_seqs/COPE-0863.F.fq.gz,COPE-0863,551302
/work/hobi/jselwyn/Coryphopterus_RAD/NovaSeq/demultiplexed_seqs/COPE-0864.F.fq.gz,COPE-0864,1864354
/work/hobi/jselwyn/Coryphopterus_RAD/NovaSeq/demultiplexed_seqs/COPE-0865.F.fq.gz,COPE-0865,398132
/work/hobi/jselwyn/Coryphopterus_RAD/NovaSeq/demultiplexed_seqs/COPE-0866.F.fq.gz,COPE-0866,16900119
/work/hobi/jselwyn/Coryphopterus_RAD/NovaSeq/demultiplexed_seqs/COPE-0867.F.fq.gz,COPE-0867,2242865
/work/hobi/jselwyn/Coryphopterus_RAD/NovaSeq/demultiplexed_seqs/COPE-0868.F.fq.gz,COPE-0868,2419682
/work/hobi/jselwyn/Coryphopterus_RAD/NovaSeq/demultiplexed_seqs/COPE-0869.F.fq.gz,COPE-0869,1162782
/work/hobi/jselwyn/Coryphopterus_RAD/NovaSeq/demultiplexed_seqs/COPE-0870.F.fq.gz,COPE-0870,3894642
/work/hobi/jselwyn/Coryphopterus_RAD/NovaSeq/demultiplexed_seqs/COPE-0871.F.fq.gz,COPE-0871,1766993
/work/hobi/jselwyn/Coryphopterus_RAD/NovaSeq/demultiplexed_seqs/COPE-0872.F.fq.gz,COPE-0872,5919982
/work/hobi/jselwyn/Coryphopterus_RAD/NovaSeq/demultiplexed_seqs/COPE-0873.F.fq.gz,COPE-0873,422652
/work/hobi/jselwyn/Coryphopterus_RAD/NovaSeq/demultiplexed_seqs/COPE-0874.F.fq.gz,COPE-0874,521540
/work/hobi/jselwyn/Coryphopterus_RAD/NovaSeq/demultiplexed_seqs/COPE-0875.F.fq.gz,COPE-0875,46109
/work/hobi/jselwyn/Coryphopterus_RAD/NovaSeq/demultiplexed_seqs/COPE-0876.F.fq.gz,COPE-0876,14968067
/work/hobi/jselwyn/Coryphopterus_RAD/NovaSeq/demultiplexed_seqs/COPE-0877.F.fq.gz,COPE-0877,456713
/work/hobi/jselwyn/Coryphopterus_RAD/NovaSeq/demultiplexed_seqs/COPE-0878.F.fq.gz,COPE-0878,3466979
/work/hobi/jselwyn/Coryphopterus_RAD/NovaSeq/demultiplexed_seqs/COPE-0879.F.fq.gz,COPE-0879,6752918
/work/hobi/jselwyn/Coryphopterus_RAD/NovaSeq/demultiplexed_seqs/COPE-0880.F.fq.gz,COPE-0880,83255
/work/hobi/jselwyn/Coryphopterus_RAD/NovaSeq/demultiplexed_seqs/COPE-0881.F.fq.gz,COPE-0881,951
/work/hobi/jselwyn/Coryphopterus_RAD/NovaSeq/demultiplexed_seqs/COPE-0882.F.fq.gz,COPE-0882,1821937
/work/hobi/jselwyn/Coryphopterus_RAD/NovaSeq/demultiplexed_seqs/COPE-0883.F.fq.gz,COPE-0883,17016546
/work/hobi/jselwyn/Coryphopterus_RAD/NovaSeq/demultiplexed_seqs/COPE-0884.F.fq.gz,COPE-0884,56876
/work/hobi/jselwyn/Coryphopterus_RAD/NovaSeq/demultiplexed_seqs/COPE-0885.F.fq.gz,COPE-0885,946263
/work/hobi/jselwyn/Coryphopterus_RAD/NovaSeq/demultiplexed_seqs/COPE-0886.F.fq.gz,COPE-0886,2644036
/work/hobi/jselwyn/Coryphopterus_RAD/NovaSeq/demultiplexed_seqs/COPE-0887.F.fq.gz,COPE-0887,519711
/work/hobi/jselwyn/Coryphopterus_RAD/NovaSeq/demultiplexed_seqs/COPE-0888.F.fq.gz,COPE-0888,1099594
/work/hobi/jselwyn/Coryphopterus_RAD/NovaSeq/demultiplexed_seqs/COPE-0889.F.fq.gz,COPE-0889,5564552
/work/hobi/jselwyn/Coryphopterus_RAD/NovaSeq/demultiplexed_seqs/COPE-0890.F.fq.gz,COPE-0890,1473352
/work/hobi/jselwyn/Coryphopterus_RAD/NovaSeq/demultiplexed_seqs/COPE-0891.F.fq.gz,COPE-0891,2245025
/work/hobi/jselwyn/Coryphopterus_RAD/NovaSeq/demultiplexed_seqs/COPE-0892.F.fq.gz,COPE-0892,2982357
/work/hobi/jselwyn/Coryphopterus_RAD/NovaSeq/demultiplexed_seqs/COPE-0893.F.fq.gz,COPE-0893,888286
/work/hobi/jselwyn/Coryphopterus_RAD/NovaSeq/demultiplexed_seqs/COPE-0894.F.fq.gz,COPE-0894,2732007
/work/hobi/jselwyn/Coryphopterus_RAD/NovaSeq/demultiplexed_seqs/COPE-0895.F.fq.gz,COPE-0895,3848661
/work/hobi/jselwyn/Coryphopterus_RAD/NovaSeq/demultiplexed_seqs/COPE-0896.F.fq.gz,COPE-0896,36700
/work/hobi/jselwyn/Coryphopterus_RAD/NovaSeq/demultiplexed_seqs/COPE-0897.F.fq.gz,COPE-0897,1569613
/work/hobi/jselwyn/Coryphopterus_RAD/NovaSeq/demultiplexed_seqs/COPE-0898.F.fq.gz,COPE-0898,1079808
/work/hobi/jselwyn/Coryphopterus_RAD/NovaSeq/demultiplexed_seqs/COPE-0899.F.fq.gz,COPE-0899,1404055
/work/hobi/jselwyn/Coryphopterus_RAD/NovaSeq/demultiplexed_seqs/COPE-0900.F.fq.gz,COPE-0900,1332393
/work/hobi/jselwyn/Coryphopterus_RAD/NovaSeq/demultiplexed_seqs/COPE-0901.F.fq.gz,COPE-0901,6286238
/work/hobi/jselwyn/Coryphopterus_RAD/NovaSeq/demultiplexed_seqs/COPE-0902.F.fq.gz,COPE-0902,1716897
/work/hobi/jselwyn/Coryphopterus_RAD/NovaSeq/demultiplexed_seqs/COPE-0903.F.fq.gz,COPE-0903,2204294
/work/hobi/jselwyn/Coryphopterus_RAD/NovaSeq/demultiplexed_seqs/COPE-0904.F.fq.gz,COPE-0904,610943
/work/hobi/jselwyn/Coryphopterus_RAD/NovaSeq/demultiplexed_seqs/COPE-0905.F.fq.gz,COPE-0905,180405
/work/hobi/jselwyn/Coryphopterus_RAD/NovaSeq/demultiplexed_seqs/COPE-0906.F.fq.gz,COPE-0906,231080
/work/hobi/jselwyn/Coryphopterus_RAD/NovaSeq/demultiplexed_seqs/COPE-0907.F.fq.gz,COPE-0907,12047609
/work/hobi/jselwyn/Coryphopterus_RAD/NovaSeq/demultiplexed_seqs/COPE-0908.F.fq.gz,COPE-0908,6082863
/work/hobi/jselwyn/Coryphopterus_RAD/NovaSeq/demultiplexed_seqs/COPE-0909.F.fq.gz,COPE-0909,2479603
/work/hobi/jselwyn/Coryphopterus_RAD/NovaSeq/demultiplexed_seqs/COPE-0910.F.fq.gz,COPE-0910,185447
/work/hobi/jselwyn/Coryphopterus_RAD/NovaSeq/demultiplexed_seqs/COPE-0911.F.fq.gz,COPE-0911,5240390
/work/hobi/jselwyn/Coryphopterus_RAD/NovaSeq/demultiplexed_seqs/COPE-0912.F.fq.gz,COPE-0912,2485737
/work/hobi/jselwyn/Coryphopterus_RAD/NovaSeq/demultiplexed_seqs/COPE-0913.F.fq.gz,COPE-0913,832491
/work/hobi/jselwyn/Coryphopterus_RAD/NovaSeq/demultiplexed_seqs/COPE-0914.F.fq.gz,COPE-0914,1693601
/work/hobi/jselwyn/Coryphopterus_RAD/NovaSeq/demultiplexed_seqs/COPE-0915.F.fq.gz,COPE-0915,105034
/work/hobi/jselwyn/Coryphopterus_RAD/NovaSeq/demultiplexed_seqs/COPE-0916.F.fq.gz,COPE-0916,5598997
/work/hobi/jselwyn/Coryphopterus_RAD/NovaSeq/demultiplexed_seqs/COPE-0917.F.fq.gz,COPE-0917,349952
/work/hobi/jselwyn/Coryphopterus_RAD/NovaSeq/demultiplexed_seqs/COPE-0918.F.fq.gz,COPE-0918,1529021
/work/hobi/jselwyn/Coryphopterus_RAD/NovaSeq/demultiplexed_seqs/COPE-0919.F.fq.gz,COPE-0919,2355524
/work/hobi/jselwyn/Coryphopterus_RAD/NovaSeq/demultiplexed_seqs/COPE-0920.F.fq.gz,COPE-0920,4767619
/work/hobi/jselwyn/Coryphopterus_RAD/NovaSeq/demultiplexed_seqs/COPE-0921.F.fq.gz,COPE-0921,4487691
/work/hobi/jselwyn/Coryphopterus_RAD/NovaSeq/demultiplexed_seqs/COPE-0922.F.fq.gz,COPE-0922,171416
/work/hobi/jselwyn/Coryphopterus_RAD/NovaSeq/demultiplexed_seqs/COPE-0923.F.fq.gz,COPE-0923,271505
/work/hobi/jselwyn/Coryphopterus_RAD/NovaSeq/demultiplexed_seqs/COPE-0924.F.fq.gz,COPE-0924,4406925
/work/hobi/jselwyn/Coryphopterus_RAD/NovaSeq/demultiplexed_seqs/COPE-0925.F.fq.gz,COPE-0925,2916977
/work/hobi/jselwyn/Coryphopterus_RAD/NovaSeq/demultiplexed_seqs/COPE-0926.F.fq.gz,COPE-0926,5069072
/work/hobi/jselwyn/Coryphopterus_RAD/NovaSeq/demultiplexed_seqs/COPE-0927.F.fq.gz,COPE-0927,214717
/work/hobi/jselwyn/Coryphopterus_RAD/NovaSeq/demultiplexed_seqs/COPE-0928.F.fq.gz,COPE-0928,2834482
/work/hobi/jselwyn/Coryphopterus_RAD/NovaSeq/demultiplexed_seqs/COPE-0929.F.fq.gz,COPE-0929,2124419
/work/hobi/jselwyn/Coryphopterus_RAD/NovaSeq/demultiplexed_seqs/COPE-0930.F.fq.gz,COPE-0930,1550056
/work/hobi/jselwyn/Coryphopterus_RAD/NovaSeq/demultiplexed_seqs/COPE-0931.F.fq.gz,COPE-0931,8697603
/work/hobi/jselwyn/Coryphopterus_RAD/NovaSeq/demultiplexed_seqs/COPE-0932.F.fq.gz,COPE-0932,2052909
/work/hobi/jselwyn/Coryphopterus_RAD/NovaSeq/demultiplexed_seqs/COPE-0933.F.fq.gz,COPE-0933,2220842
/work/hobi/jselwyn/Coryphopterus_RAD/NovaSeq/demultiplexed_seqs/COPE-0934.F.fq.gz,COPE-0934,20900626
/work/hobi/jselwyn/Coryphopterus_RAD/NovaSeq/demultiplexed_seqs/COPE-0935.F.fq.gz,COPE-0935,400811
/work/hobi/jselwyn/Coryphopterus_RAD/NovaSeq/demultiplexed_seqs/COPE-0936.F.fq.gz,COPE-0936,3389314
/work/hobi/jselwyn/Coryphopterus_RAD/NovaSeq/demultiplexed_seqs/COPE-0937.F.fq.gz,COPE-0937,1097981
/work/hobi/jselwyn/Coryphopterus_RAD/NovaSeq/demultiplexed_seqs/COPE-0938.F.fq.gz,COPE-0938,2256538
/work/hobi/jselwyn/Coryphopterus_RAD/NovaSeq/demultiplexed_seqs/COPE-0939.F.fq.gz,COPE-0939,3457769
/work/hobi/jselwyn/Coryphopterus_RAD/NovaSeq/demultiplexed_seqs/COPE-0940.F.fq.gz,COPE-0940,9081090
/work/hobi/jselwyn/Coryphopterus_RAD/NovaSeq/demultiplexed_seqs/COPE-0941.F.fq.gz,COPE-0941,3623743
/work/hobi/jselwyn/Coryphopterus_RAD/NovaSeq/demultiplexed_seqs/COPE-0942.F.fq.gz,COPE-0942,4946004
/work/hobi/jselwyn/Coryphopterus_RAD/NovaSeq/demultiplexed_seqs/COPE-0943.F.fq.gz,COPE-0943,1489951
/work/hobi/jselwyn/Coryphopterus_RAD/NovaSeq/demultiplexed_seqs/COPE-0944.F.fq.gz,COPE-0944,1260104
/work/hobi/jselwyn/Coryphopterus_RAD/NovaSeq/demultiplexed_seqs/COPE-0945.F.fq.gz,COPE-0945,785130
/work/hobi/jselwyn/Coryphopterus_RAD/NovaSeq/demultiplexed_seqs/COPE-0946.F.fq.gz,COPE-0946,41050
/work/hobi/jselwyn/Coryphopterus_RAD/NovaSeq/demultiplexed_seqs/COPE-0947.F.fq.gz,COPE-0947,5404298
/work/hobi/jselwyn/Coryphopterus_RAD/NovaSeq/demultiplexed_seqs/COPE-0948.F.fq.gz,COPE-0948,3768891
/work/hobi/jselwyn/Coryphopterus_RAD/NovaSeq/demultiplexed_seqs/COPE-0949.F.fq.gz,COPE-0949,862707
/work/hobi/jselwyn/Coryphopterus_RAD/NovaSeq/demultiplexed_seqs/COPE-0950.F.fq.gz,COPE-0950,739926
/work/hobi/jselwyn/Coryphopterus_RAD/NovaSeq/demultiplexed_seqs/COPE-0951.F.fq.gz,COPE-0951,587584
/work/hobi/jselwyn/Coryphopterus_RAD/NovaSeq/demultiplexed_seqs/COPE-0952.F.fq.gz,COPE-0952,3070450
/work/hobi/jselwyn/Coryphopterus_RAD/NovaSeq/demultiplexed_seqs/COPE-0953.F.fq.gz,COPE-0953,470022
/work/hobi/jselwyn/Coryphopterus_RAD/NovaSeq/demultiplexed_seqs/COPE-0954.F.fq.gz,COPE-0954,240219
/work/hobi/jselwyn/Coryphopterus_RAD/NovaSeq/demultiplexed_seqs/COPE-0955.F.fq.gz,COPE-0955,319715
/work/hobi/jselwyn/Coryphopterus_RAD/NovaSeq/demultiplexed_seqs/COPE-0956.F.fq.gz,COPE-0956,3781616
/work/hobi/jselwyn/Coryphopterus_RAD/NovaSeq/demultiplexed_seqs/COPE-0957.F.fq.gz,COPE-0957,138659
/work/hobi/jselwyn/Coryphopterus_RAD/NovaSeq/demultiplexed_seqs/COPE-0958.F.fq.gz,COPE-0958,4712289
/work/hobi/jselwyn/Coryphopterus_RAD/NovaSeq/demultiplexed_seqs/COPE-0959.F.fq.gz,COPE-0959,1328
/work/hobi/jselwyn/Coryphopterus_RAD/NovaSeq/demultiplexed_seqs/COPE-0960.F.fq.gz,COPE-0960,5832960
/work/hobi/jselwyn/Coryphopterus_RAD/NovaSeq/demultiplexed_seqs/COPE-0961.F.fq.gz,COPE-0961,2045878
/work/hobi/jselwyn/Coryphopterus_RAD/NovaSeq/demultiplexed_seqs/COPE-0962.F.fq.gz,COPE-0962,1061657
/work/hobi/jselwyn/Coryphopterus_RAD/NovaSeq/demultiplexed_seqs/COPE-0963.F.fq.gz,COPE-0963,1092664
/work/hobi/jselwyn/Coryphopterus_RAD/NovaSeq/demultiplexed_seqs/COPE-0964.F.fq.gz,COPE-0964,967164
/work/hobi/jselwyn/Coryphopterus_RAD/NovaSeq/demultiplexed_seqs/COPE-0965.F.fq.gz,COPE-0965,1979461
/work/hobi/jselwyn/Coryphopterus_RAD/NovaSeq/demultiplexed_seqs/COPE-0966.F.fq.gz,COPE-0966,1269632
/work/hobi/jselwyn/Coryphopterus_RAD/NovaSeq/demultiplexed_seqs/COPE-0967.F.fq.gz,COPE-0967,1707321
/work/hobi/jselwyn/Coryphopterus_RAD/NovaSeq/demultiplexed_seqs/COPE-0968.F.fq.gz,COPE-0968,540571
/work/hobi/jselwyn/Coryphopterus_RAD/NovaSeq/demultiplexed_seqs/COPE-0969.F.fq.gz,COPE-0969,128744
/work/hobi/jselwyn/Coryphopterus_RAD/NovaSeq/demultiplexed_seqs/COPE-0970.F.fq.gz,COPE-0970,4266873
/work/hobi/jselwyn/Coryphopterus_RAD/NovaSeq/demultiplexed_seqs/COPE-0971.F.fq.gz,COPE-0971,4884419
/work/hobi/jselwyn/Coryphopterus_RAD/NovaSeq/demultiplexed_seqs/COPE-0972.F.fq.gz,COPE-0972,2205091
/work/hobi/jselwyn/Coryphopterus_RAD/NovaSeq/demultiplexed_seqs/COPE-0973.F.fq.gz,COPE-0973,5477551
/work/hobi/jselwyn/Coryphopterus_RAD/NovaSeq/demultiplexed_seqs/COPE-0974.F.fq.gz,COPE-0974,2177992
/work/hobi/jselwyn/Coryphopterus_RAD/NovaSeq/demultiplexed_seqs/COPE-0975.F.fq.gz,COPE-0975,3754762
/work/hobi/jselwyn/Coryphopterus_RAD/NovaSeq/demultiplexed_seqs/COPE-0976.F.fq.gz,COPE-0976,1836443
/work/hobi/jselwyn/Coryphopterus_RAD/NovaSeq/demultiplexed_seqs/COPE-0977.F.fq.gz,COPE-0977,2835396
/work/hobi/jselwyn/Coryphopterus_RAD/NovaSeq/demultiplexed_seqs/COPE-0978.F.fq.gz,COPE-0978,532705
/work/hobi/jselwyn/Coryphopterus_RAD/NovaSeq/demultiplexed_seqs/COPE-0979.F.fq.gz,COPE-0979,267740
/work/hobi/jselwyn/Coryphopterus_RAD/NovaSeq/demultiplexed_seqs/COPE-0980.F.fq.gz,COPE-0980,4502368
/work/hobi/jselwyn/Coryphopterus_RAD/NovaSeq/demultiplexed_seqs/COPE-0981.F.fq.gz,COPE-0981,3059216
/work/hobi/jselwyn/Coryphopterus_RAD/NovaSeq/demultiplexed_seqs/COPE-0982.F.fq.gz,COPE-0982,4071781
/work/hobi/jselwyn/Coryphopterus_RAD/NovaSeq/demultiplexed_seqs/COPE-0983.F.fq.gz,COPE-0983,3329110
/work/hobi/jselwyn/Coryphopterus_RAD/NovaSeq/demultiplexed_seqs/COPE-0984.F.fq.gz,COPE-0984,315799
/work/hobi/jselwyn/Coryphopterus_RAD/NovaSeq/demultiplexed_seqs/COPE-0985.F.fq.gz,COPE-0985,2638494
/work/hobi/jselwyn/Coryphopterus_RAD/NovaSeq/demultiplexed_seqs/COPE-0986.F.fq.gz,COPE-0986,65358
/work/hobi/jselwyn/Coryphopterus_RAD/NovaSeq/demultiplexed_seqs/COPE-0987.F.fq.gz,COPE-0987,8439563
/work/hobi/jselwyn/Coryphopterus_RAD/NovaSeq/demultiplexed_seqs/COPE-0988.F.fq.gz,COPE-0988,3115136
/work/hobi/jselwyn/Coryphopterus_RAD/NovaSeq/demultiplexed_seqs/COPE-0989.F.fq.gz,COPE-0989,2015060
/work/hobi/jselwyn/Coryphopterus_RAD/NovaSeq/demultiplexed_seqs/COPE-0990.F.fq.gz,COPE-0990,3386836
/work/hobi/jselwyn/Coryphopterus_RAD/NovaSeq/demultiplexed_seqs/COPE-0991.F.fq.gz,COPE-0991,1800217
/work/hobi/jselwyn/Coryphopterus_RAD/NovaSeq/demultiplexed_seqs/COPE-0992.F.fq.gz,COPE-0992,2609912
/work/hobi/jselwyn/Coryphopterus_RAD/NovaSeq/demultiplexed_seqs/COPE-0993.F.fq.gz,COPE-0993,1533446
/work/hobi/jselwyn/Coryphopterus_RAD/NovaSeq/demultiplexed_seqs/COPE-0994.F.fq.gz,COPE-0994,2970046
/work/hobi/jselwyn/Coryphopterus_RAD/NovaSeq/demultiplexed_seqs/COPE-0995.F.fq.gz,COPE-0995,8277658
/work/hobi/jselwyn/Coryphopterus_RAD/NovaSeq/demultiplexed_seqs/COPE-0996.F.fq.gz,COPE-0996,3142028
/work/hobi/jselwyn/Coryphopterus_RAD/NovaSeq/demultiplexed_seqs/COPE-0997.F.fq.gz,COPE-0997,159453
/work/hobi/jselwyn/Coryphopterus_RAD/NovaSeq/demultiplexed_seqs/COPE-0998.F.fq.gz,COPE-0998,657122
/work/hobi/jselwyn/Coryphopterus_RAD/NovaSeq/demultiplexed_seqs/COPE-0999.F.fq.gz,COPE-0999,2915765
/work/hobi/jselwyn/Coryphopterus_RAD/NovaSeq/demultiplexed_seqs/COPE-1000.F.fq.gz,COPE-1000,706443
/work/hobi/jselwyn/Coryphopterus_RAD/NovaSeq/demultiplexed_seqs/COPE-1001.F.fq.gz,COPE-1001,2649810
/work/hobi/jselwyn/Coryphopterus_RAD/NovaSeq/demultiplexed_seqs/COPE-1002.F.fq.gz,COPE-1002,1222059
/work/hobi/jselwyn/Coryphopterus_RAD/NovaSeq/demultiplexed_seqs/COPE-1003.F.fq.gz,COPE-1003,906579
/work/hobi/jselwyn/Coryphopterus_RAD/NovaSeq/demultiplexed_seqs/COPE-1004.F.fq.gz,COPE-1004,1419873
/work/hobi/jselwyn/Coryphopterus_RAD/NovaSeq/demultiplexed_seqs/COPE-1005.F.fq.gz,COPE-1005,444717
/work/hobi/jselwyn/Coryphopterus_RAD/NovaSeq/demultiplexed_seqs/COPE-1006.F.fq.gz,COPE-1006,539198
/work/hobi/jselwyn/Coryphopterus_RAD/NovaSeq/demultiplexed_seqs/COPE-1007.F.fq.gz,COPE-1007,8675204
/work/hobi/jselwyn/Coryphopterus_RAD/NovaSeq/demultiplexed_seqs/COPE-1008.F.fq.gz,COPE-1008,2098163
/work/hobi/jselwyn/Coryphopterus_RAD/NovaSeq/demultiplexed_seqs/COPE-1009.F.fq.gz,COPE-1009,915544
/work/hobi/jselwyn/Coryphopterus_RAD/NovaSeq/demultiplexed_seqs/COPE-1010.F.fq.gz,COPE-1010,3420067
/work/hobi/jselwyn/Coryphopterus_RAD/NovaSeq/demultiplexed_seqs/COPE-1011.F.fq.gz,COPE-1011,258052
/work/hobi/jselwyn/Coryphopterus_RAD/NovaSeq/demultiplexed_seqs/COPE-1012.F.fq.gz,COPE-1012,591735
/work/hobi/jselwyn/Coryphopterus_RAD/NovaSeq/demultiplexed_seqs/COPE-1013.F.fq.gz,COPE-1013,332795
/work/hobi/jselwyn/Coryphopterus_RAD/NovaSeq/demultiplexed_seqs/COPE-1014.F.fq.gz,COPE-1014,2434469
/work/hobi/jselwyn/Coryphopterus_RAD/NovaSeq/demultiplexed_seqs/COPE-1015.F.fq.gz,COPE-1015,4802274
/work/hobi/jselwyn/Coryphopterus_RAD/NovaSeq/demultiplexed_seqs/COPE-1016.F.fq.gz,COPE-1016,4842003
/work/hobi/jselwyn/Coryphopterus_RAD/NovaSeq/demultiplexed_seqs/COPE-1017.F.fq.gz,COPE-1017,7778450
/work/hobi/jselwyn/Coryphopterus_RAD/NovaSeq/demultiplexed_seqs/COPE-1018.F.fq.gz,COPE-1018,513720
/work/hobi/jselwyn/Coryphopterus_RAD/NovaSeq/demultiplexed_seqs/COPE-1019.F.fq.gz,COPE-1019,3359181
/work/hobi/jselwyn/Coryphopterus_RAD/NovaSeq/demultiplexed_seqs/COPE-1020.F.fq.gz,COPE-1020,1809647
/work/hobi/jselwyn/Coryphopterus_RAD/NovaSeq/demultiplexed_seqs/COPE-1021.F.fq.gz,COPE-1021,555590
/work/hobi/jselwyn/Coryphopterus_RAD/NovaSeq/demultiplexed_seqs/COPE-1022.F.fq.gz,COPE-1022,4705
/work/hobi/jselwyn/Coryphopterus_RAD/NovaSeq/demultiplexed_seqs/COPE-1023.F.fq.gz,COPE-1023,608961
/work/hobi/jselwyn/Coryphopterus_RAD/NovaSeq/demultiplexed_seqs/COPE-1024.F.fq.gz,COPE-1024,3749560
/work/hobi/jselwyn/Coryphopterus_RAD/NovaSeq/demultiplexed_seqs/COPE-1025.F.fq.gz,COPE-1025,419602
/work/hobi/jselwyn/Coryphopterus_RAD/NovaSeq/demultiplexed_seqs/COPE-1026.F.fq.gz,COPE-1026,1613501
/work/hobi/jselwyn/Coryphopterus_RAD/NovaSeq/demultiplexed_seqs/COPE-1027.F.fq.gz,COPE-1027,5115148
/work/hobi/jselwyn/Coryphopterus_RAD/NovaSeq/demultiplexed_seqs/COPE-1028.F.fq.gz,COPE-1028,7191881
/work/hobi/jselwyn/Coryphopterus_RAD/NovaSeq/demultiplexed_seqs/COPE-1029.F.fq.gz,COPE-1029,1011100
/work/hobi/jselwyn/Coryphopterus_RAD/NovaSeq/demultiplexed_seqs/COPE-1030.F.fq.gz,COPE-1030,2825300
/work/hobi/jselwyn/Coryphopterus_RAD/NovaSeq/demultiplexed_seqs/COPE-1031.F.fq.gz,COPE-1031,1655912
/work/hobi/jselwyn/Coryphopterus_RAD/NovaSeq/demultiplexed_seqs/COPE-1032.F.fq.gz,COPE-1032,2589086
/work/hobi/jselwyn/Coryphopterus_RAD/NovaSeq/demultiplexed_seqs/COPE-1033.F.fq.gz,COPE-1033,1350926
/work/hobi/jselwyn/Coryphopterus_RAD/NovaSeq/demultiplexed_seqs/COPE-1034.F.fq.gz,COPE-1034,2183016
/work/hobi/jselwyn/Coryphopterus_RAD/NovaSeq/demultiplexed_seqs/COPE-1035.F.fq.gz,COPE-1035,4955717
/work/hobi/jselwyn/Coryphopterus_RAD/NovaSeq/demultiplexed_seqs/COPE-1036.F.fq.gz,COPE-1036,658432
/work/hobi/jselwyn/Coryphopterus_RAD/NovaSeq/demultiplexed_seqs/COPE-1037.F.fq.gz,COPE-1037,644533
/work/hobi/jselwyn/Coryphopterus_RAD/NovaSeq/demultiplexed_seqs/COPE-1038.F.fq.gz,COPE-1038,1362667
/work/hobi/jselwyn/Coryphopterus_RAD/NovaSeq/demultiplexed_seqs/COPE-1039.F.fq.gz,COPE-1039,1511237
/work/hobi/jselwyn/Coryphopterus_RAD/NovaSeq/demultiplexed_seqs/COPE-1040.F.fq.gz,COPE-1040,1565944
/work/hobi/jselwyn/Coryphopterus_RAD/NovaSeq/demultiplexed_seqs/COPE-1041.F.fq.gz,COPE-1041,612893
/work/hobi/jselwyn/Coryphopterus_RAD/NovaSeq/demultiplexed_seqs/COPE-1042.F.fq.gz,COPE-1042,5326986
/work/hobi/jselwyn/Coryphopterus_RAD/NovaSeq/demultiplexed_seqs/COPE-1043.F.fq.gz,COPE-1043,1307922
/work/hobi/jselwyn/Coryphopterus_RAD/NovaSeq/demultiplexed_seqs/COPE-1044.F.fq.gz,COPE-1044,817276
/work/hobi/jselwyn/Coryphopterus_RAD/NovaSeq/demultiplexed_seqs/COPE-1045.F.fq.gz,COPE-1045,1071571
/work/hobi/jselwyn/Coryphopterus_RAD/NovaSeq/demultiplexed_seqs/COPE-1046.F.fq.gz,COPE-1046,6038140
/work/hobi/jselwyn/Coryphopterus_RAD/NovaSeq/demultiplexed_seqs/COPE-1047.F.fq.gz,COPE-1047,3372768
/work/hobi/jselwyn/Coryphopterus_RAD/NovaSeq/demultiplexed_seqs/COPE-1048.F.fq.gz,COPE-1048,6015006
/work/hobi/jselwyn/Coryphopterus_RAD/NovaSeq/demultiplexed_seqs/COPE-1049.F.fq.gz,COPE-1049,2384941
/work/hobi/jselwyn/Coryphopterus_RAD/NovaSeq/demultiplexed_seqs/COPE-1050.F.fq.gz,COPE-1050,3676246
/work/hobi/jselwyn/Coryphopterus_RAD/NovaSeq/demultiplexed_seqs/COPE-1051.F.fq.gz,COPE-1051,1849667
/work/hobi/jselwyn/Coryphopterus_RAD/NovaSeq/demultiplexed_seqs/COPE-1052.F.fq.gz,COPE-1052,102048
/work/hobi/jselwyn/Coryphopterus_RAD/NovaSeq/demultiplexed_seqs/COPE-1053.F.fq.gz,COPE-1053,1583070
/work/hobi/jselwyn/Coryphopterus_RAD/NovaSeq/demultiplexed_seqs/COPE-1054.F.fq.gz,COPE-1054,799119
/work/hobi/jselwyn/Coryphopterus_RAD/NovaSeq/demultiplexed_seqs/COPE-1055.F.fq.gz,COPE-1055,789129
/work/hobi/jselwyn/Coryphopterus_RAD/NovaSeq/demultiplexed_seqs/COPE-1056.F.fq.gz,COPE-1056,4076190
/work/hobi/jselwyn/Coryphopterus_RAD/NovaSeq/demultiplexed_seqs/COPE-1057.F.fq.gz,COPE-1057,382
/work/hobi/jselwyn/Coryphopterus_RAD/NovaSeq/demultiplexed_seqs/COPE-1058.F.fq.gz,COPE-1058,2458754
/work/hobi/jselwyn/Coryphopterus_RAD/NovaSeq/demultiplexed_seqs/COPE-1059.F.fq.gz,COPE-1059,7991047
/work/hobi/jselwyn/Coryphopterus_RAD/NovaSeq/demultiplexed_seqs/COPE-1060.F.fq.gz,COPE-1060,4707077
/work/hobi/jselwyn/Coryphopterus_RAD/NovaSeq/demultiplexed_seqs/COPE-1061.F.fq.gz,COPE-1061,1228620
/work/hobi/jselwyn/Coryphopterus_RAD/NovaSeq/demultiplexed_seqs/COPE-1062.F.fq.gz,COPE-1062,774800
/work/hobi/jselwyn/Coryphopterus_RAD/NovaSeq/demultiplexed_seqs/COPE-1063.F.fq.gz,COPE-1063,5768706
/work/hobi/jselwyn/Coryphopterus_RAD/NovaSeq/demultiplexed_seqs/COPE-1064.F.fq.gz,COPE-1064,273232
/work/hobi/jselwyn/Coryphopterus_RAD/NovaSeq/demultiplexed_seqs/COPE-1065.F.fq.gz,COPE-1065,159227
/work/hobi/jselwyn/Coryphopterus_RAD/NovaSeq/demultiplexed_seqs/COPE-1066.F.fq.gz,COPE-1066,25106
/work/hobi/jselwyn/Coryphopterus_RAD/NovaSeq/demultiplexed_seqs/COPE-1067.F.fq.gz,COPE-1067,469270
/work/hobi/jselwyn/Coryphopterus_RAD/NovaSeq/demultiplexed_seqs/COPE-1068.F.fq.gz,COPE-1068,5008091
/work/hobi/jselwyn/Coryphopterus_RAD/NovaSeq/demultiplexed_seqs/COPE-1069.F.fq.gz,COPE-1069,687227
/work/hobi/jselwyn/Coryphopterus_RAD/NovaSeq/demultiplexed_seqs/COPE-1070.F.fq.gz,COPE-1070,1398799
/work/hobi/jselwyn/Coryphopterus_RAD/NovaSeq/demultiplexed_seqs/COPE-1071.F.fq.gz,COPE-1071,811190
/work/hobi/jselwyn/Coryphopterus_RAD/NovaSeq/demultiplexed_seqs/COPE-1072.F.fq.gz,COPE-1072,6718083
/work/hobi/jselwyn/Coryphopterus_RAD/NovaSeq/demultiplexed_seqs/COPE-1073.F.fq.gz,COPE-1073,3684534
/work/hobi/jselwyn/Coryphopterus_RAD/NovaSeq/demultiplexed_seqs/COPE-1074.F.fq.gz,COPE-1074,3206257
/work/hobi/jselwyn/Coryphopterus_RAD/NovaSeq/demultiplexed_seqs/COPE-1075.F.fq.gz,COPE-1075,4262389
/work/hobi/jselwyn/Coryphopterus_RAD/NovaSeq/demultiplexed_seqs/COPE-1076.F.fq.gz,COPE-1076,1050041
/work/hobi/jselwyn/Coryphopterus_RAD/NovaSeq/demultiplexed_seqs/COPE-1077.F.fq.gz,COPE-1077,44667
/work/hobi/jselwyn/Coryphopterus_RAD/NovaSeq/demultiplexed_seqs/COPE-1078.F.fq.gz,COPE-1078,666380
/work/hobi/jselwyn/Coryphopterus_RAD/NovaSeq/demultiplexed_seqs/COPE-1079.F.fq.gz,COPE-1079,6625223
/work/hobi/jselwyn/Coryphopterus_RAD/NovaSeq/demultiplexed_seqs/COPE-1080.F.fq.gz,COPE-1080,2093601
/work/hobi/jselwyn/Coryphopterus_RAD/NovaSeq/demultiplexed_seqs/COPE-1081.F.fq.gz,COPE-1081,2505930
/work/hobi/jselwyn/Coryphopterus_RAD/NovaSeq/demultiplexed_seqs/COPE-1082.F.fq.gz,COPE-1082,840131
/work/hobi/jselwyn/Coryphopterus_RAD/NovaSeq/demultiplexed_seqs/COPE-1083.F.fq.gz,COPE-1083,2354
/work/hobi/jselwyn/Coryphopterus_RAD/NovaSeq/demultiplexed_seqs/COPE-1084.F.fq.gz,COPE-1084,499519
/work/hobi/jselwyn/Coryphopterus_RAD/NovaSeq/demultiplexed_seqs/COPE-1085.F.fq.gz,COPE-1085,1096177
/work/hobi/jselwyn/Coryphopterus_RAD/NovaSeq/demultiplexed_seqs/COPE-1086.F.fq.gz,COPE-1086,1194403
/work/hobi/jselwyn/Coryphopterus_RAD/NovaSeq/demultiplexed_seqs/COPE-1087.F.fq.gz,COPE-1087,1536177
/work/hobi/jselwyn/Coryphopterus_RAD/NovaSeq/demultiplexed_seqs/COPE-1088.F.fq.gz,COPE-1088,540383
/work/hobi/jselwyn/Coryphopterus_RAD/NovaSeq/demultiplexed_seqs/COPE-1089.F.fq.gz,COPE-1089,1580859
/work/hobi/jselwyn/Coryphopterus_RAD/NovaSeq/demultiplexed_seqs/COPE-1090.F.fq.gz,COPE-1090,1000827
/work/hobi/jselwyn/Coryphopterus_RAD/NovaSeq/demultiplexed_seqs/COPE-1091.F.fq.gz,COPE-1091,553165
/work/hobi/jselwyn/Coryphopterus_RAD/NovaSeq/demultiplexed_seqs/COPE-1092.F.fq.gz,COPE-1092,210517
/work/hobi/jselwyn/Coryphopterus_RAD/NovaSeq/demultiplexed_seqs/COPE-1093.F.fq.gz,COPE-1093,2454641
/work/hobi/jselwyn/Coryphopterus_RAD/NovaSeq/demultiplexed_seqs/COPE-1094.F.fq.gz,COPE-1094,565510
/work/hobi/jselwyn/Coryphopterus_RAD/NovaSeq/demultiplexed_seqs/COPE-1095.F.fq.gz,COPE-1095,5722323
/work/hobi/jselwyn/Coryphopterus_RAD/NovaSeq/demultiplexed_seqs/COPE-1096.F.fq.gz,COPE-1096,978987
/work/hobi/jselwyn/Coryphopterus_RAD/NovaSeq/demultiplexed_seqs/COPE-1097.F.fq.gz,COPE-1097,15037199
/work/hobi/jselwyn/Coryphopterus_RAD/NovaSeq/demultiplexed_seqs/COPE-1098.F.fq.gz,COPE-1098,765979
/work/hobi/jselwyn/Coryphopterus_RAD/NovaSeq/demultiplexed_seqs/COPE-1099.F.fq.gz,COPE-1099,587834
/work/hobi/jselwyn/Coryphopterus_RAD/NovaSeq/demultiplexed_seqs/COPE-1100.F.fq.gz,COPE-1100,1957689
/work/hobi/jselwyn/Coryphopterus_RAD/NovaSeq/demultiplexed_seqs/COPE-1101.F.fq.gz,COPE-1101,563109
/work/hobi/jselwyn/Coryphopterus_RAD/NovaSeq/demultiplexed_seqs/COPE-1102.F.fq.gz,COPE-1102,141921
/work/hobi/jselwyn/Coryphopterus_RAD/NovaSeq/demultiplexed_seqs/COPE-1103.F.fq.gz,COPE-1103,7149366
/work/hobi/jselwyn/Coryphopterus_RAD/NovaSeq/demultiplexed_seqs/COPE-1104.F.fq.gz,COPE-1104,85609
/work/hobi/jselwyn/Coryphopterus_RAD/NovaSeq/demultiplexed_seqs/COPE-1105.F.fq.gz,COPE-1105,2312097
/work/hobi/jselwyn/Coryphopterus_RAD/NovaSeq/demultiplexed_seqs/COPE-1106.F.fq.gz,COPE-1106,4058840
/work/hobi/jselwyn/Coryphopterus_RAD/NovaSeq/demultiplexed_seqs/COPE-1107.F.fq.gz,COPE-1107,2343416
/work/hobi/jselwyn/Coryphopterus_RAD/NovaSeq/demultiplexed_seqs/COPE-1108.F.fq.gz,COPE-1108,7083015
/work/hobi/jselwyn/Coryphopterus_RAD/NovaSeq/demultiplexed_seqs/COPE-1109.F.fq.gz,COPE-1109,232213
/work/hobi/jselwyn/Coryphopterus_RAD/NovaSeq/demultiplexed_seqs/COPE-1110.F.fq.gz,COPE-1110,3494238
/work/hobi/jselwyn/Coryphopterus_RAD/NovaSeq/demultiplexed_seqs/COPE-1111.F.fq.gz,COPE-1111,2492341
/work/hobi/jselwyn/Coryphopterus_RAD/NovaSeq/demultiplexed_seqs/COPE-1112.F.fq.gz,COPE-1112,1898497
/work/hobi/jselwyn/Coryphopterus_RAD/NovaSeq/demultiplexed_seqs/COPE-1113.F.fq.gz,COPE-1113,231968
/work/hobi/jselwyn/Coryphopterus_RAD/NovaSeq/demultiplexed_seqs/COPE-1114.F.fq.gz,COPE-1114,1590263
/work/hobi/jselwyn/Coryphopterus_RAD/NovaSeq/demultiplexed_seqs/COPE-1115.F.fq.gz,COPE-1115,5803770
/work/hobi/jselwyn/Coryphopterus_RAD/NovaSeq/demultiplexed_seqs/COPE-1116.F.fq.gz,COPE-1116,2750958
/work/hobi/jselwyn/Coryphopterus_RAD/NovaSeq/demultiplexed_seqs/COPE-1117.F.fq.gz,COPE-1117,2989225
/work/hobi/jselwyn/Coryphopterus_RAD/NovaSeq/demultiplexed_seqs/COPE-1118.F.fq.gz,COPE-1118,640178
/work/hobi/jselwyn/Coryphopterus_RAD/NovaSeq/demultiplexed_seqs/COPE-1119.F.fq.gz,COPE-1119,4607811
/work/hobi/jselwyn/Coryphopterus_RAD/NovaSeq/demultiplexed_seqs/COPE-1120.F.fq.gz,COPE-1120,355239
/work/hobi/jselwyn/Coryphopterus_RAD/NovaSeq/demultiplexed_seqs/COPE-1121.F.fq.gz,COPE-1121,5400936
/work/hobi/jselwyn/Coryphopterus_RAD/NovaSeq/demultiplexed_seqs/COPE-1122.F.fq.gz,COPE-1122,2410935
/work/hobi/jselwyn/Coryphopterus_RAD/NovaSeq/demultiplexed_seqs/COPE-1123.F.fq.gz,COPE-1123,612441
/work/hobi/jselwyn/Coryphopterus_RAD/NovaSeq/demultiplexed_seqs/COPE-1124.F.fq.gz,COPE-1124,524399
/work/hobi/jselwyn/Coryphopterus_RAD/NovaSeq/demultiplexed_seqs/COPE-1125.F.fq.gz,COPE-1125,2861545
/work/hobi/jselwyn/Coryphopterus_RAD/NovaSeq/demultiplexed_seqs/COPE-1126.F.fq.gz,COPE-1126,7275673
/work/hobi/jselwyn/Coryphopterus_RAD/NovaSeq/demultiplexed_seqs/COPE-1127.F.fq.gz,COPE-1127,797397
/work/hobi/jselwyn/Coryphopterus_RAD/NovaSeq/demultiplexed_seqs/COPE-1128.F.fq.gz,COPE-1128,5149866
/work/hobi/jselwyn/Coryphopterus_RAD/NovaSeq/demultiplexed_seqs/COPE-1129.F.fq.gz,COPE-1129,481598
/work/hobi/jselwyn/Coryphopterus_RAD/NovaSeq/demultiplexed_seqs/COPE-1130.F.fq.gz,COPE-1130,613707
/work/hobi/jselwyn/Coryphopterus_RAD/NovaSeq/demultiplexed_seqs/COPE-1131.F.fq.gz,COPE-1131,3162832
/work/hobi/jselwyn/Coryphopterus_RAD/NovaSeq/demultiplexed_seqs/COPE-1132.F.fq.gz,COPE-1132,1694858
/work/hobi/jselwyn/Coryphopterus_RAD/NovaSeq/demultiplexed_seqs/COPE-1133.F.fq.gz,COPE-1133,1635
/work/hobi/jselwyn/Coryphopterus_RAD/NovaSeq/demultiplexed_seqs/COPE-1134.F.fq.gz,COPE-1134,194186
/work/hobi/jselwyn/Coryphopterus_RAD/NovaSeq/demultiplexed_seqs/COPE-1135.F.fq.gz,COPE-1135,1991483
/work/hobi/jselwyn/Coryphopterus_RAD/NovaSeq/demultiplexed_seqs/COPE-1136.F.fq.gz,COPE-1136,4373527
/work/hobi/jselwyn/Coryphopterus_RAD/NovaSeq/demultiplexed_seqs/COPE-1137.F.fq.gz,COPE-1137,484723
/work/hobi/jselwyn/Coryphopterus_RAD/NovaSeq/demultiplexed_seqs/COPE-1138.F.fq.gz,COPE-1138,5786583
/work/hobi/jselwyn/Coryphopterus_RAD/NovaSeq/demultiplexed_seqs/COPE-1139.F.fq.gz,COPE-1139,2202257
/work/hobi/jselwyn/Coryphopterus_RAD/NovaSeq/demultiplexed_seqs/COPE-1140.F.fq.gz,COPE-1140,1725053
/work/hobi/jselwyn/Coryphopterus_RAD/NovaSeq/demultiplexed_seqs/COPE-1141.F.fq.gz,COPE-1141,1810963
/work/hobi/jselwyn/Coryphopterus_RAD/NovaSeq/demultiplexed_seqs/COPE-1142.F.fq.gz,COPE-1142,2927699
/work/hobi/jselwyn/Coryphopterus_RAD/NovaSeq/demultiplexed_seqs/COPE-1143.F.fq.gz,COPE-1143,1706194
/work/hobi/jselwyn/Coryphopterus_RAD/NovaSeq/demultiplexed_seqs/COPE-1144.F.fq.gz,COPE-1144,1368372
/work/hobi/jselwyn/Coryphopterus_RAD/NovaSeq/demultiplexed_seqs/COPE-1145.F.fq.gz,COPE-1145,2597416
/work/hobi/jselwyn/Coryphopterus_RAD/NovaSeq/demultiplexed_seqs/COPE-1146.F.fq.gz,COPE-1146,6292200
/work/hobi/jselwyn/Coryphopterus_RAD/NovaSeq/demultiplexed_seqs/COPE-1147.F.fq.gz,COPE-1147,37522
/work/hobi/jselwyn/Coryphopterus_RAD/NovaSeq/demultiplexed_seqs/COPE-1148.F.fq.gz,COPE-1148,1547571
/work/hobi/jselwyn/Coryphopterus_RAD/NovaSeq/demultiplexed_seqs/COPE-1149.F.fq.gz,COPE-1149,1375110
/work/hobi/jselwyn/Coryphopterus_RAD/NovaSeq/demultiplexed_seqs/COPE-1150.F.fq.gz,COPE-1150,505203
/work/hobi/jselwyn/Coryphopterus_RAD/NovaSeq/demultiplexed_seqs/COPE-1151.F.fq.gz,COPE-1151,212465
/work/hobi/jselwyn/Coryphopterus_RAD/NovaSeq/demultiplexed_seqs/COPE-1152.F.fq.gz,COPE-1152,3236370
/work/hobi/jselwyn/Coryphopterus_RAD/NovaSeq/demultiplexed_seqs/COPE-1153.F.fq.gz,COPE-1153,372922
/work/hobi/jselwyn/Coryphopterus_RAD/NovaSeq/demultiplexed_seqs/COPE-1154.F.fq.gz,COPE-1154,5215991
/work/hobi/jselwyn/Coryphopterus_RAD/NovaSeq/demultiplexed_seqs/COPE-1155.F.fq.gz,COPE-1155,1274962
/work/hobi/jselwyn/Coryphopterus_RAD/NovaSeq/demultiplexed_seqs/COPE-1156.F.fq.gz,COPE-1156,2935163
/work/hobi/jselwyn/Coryphopterus_RAD/NovaSeq/demultiplexed_seqs/COPE-1157.F.fq.gz,COPE-1157,982519
/work/hobi/jselwyn/Coryphopterus_RAD/NovaSeq/demultiplexed_seqs/COPE-1158.F.fq.gz,COPE-1158,45871
/work/hobi/jselwyn/Coryphopterus_RAD/NovaSeq/demultiplexed_seqs/COPE-1159.F.fq.gz,COPE-1159,4968653
/work/hobi/jselwyn/Coryphopterus_RAD/NovaSeq/demultiplexed_seqs/COPE-1160.F.fq.gz,COPE-1160,4683253
/work/hobi/jselwyn/Coryphopterus_RAD/NovaSeq/demultiplexed_seqs/COPE-1161.F.fq.gz,COPE-1161,6545634
/work/hobi/jselwyn/Coryphopterus_RAD/NovaSeq/demultiplexed_seqs/COPE-1162.F.fq.gz,COPE-1162,246320
/work/hobi/jselwyn/Coryphopterus_RAD/NovaSeq/demultiplexed_seqs/COPE-1163.F.fq.gz,COPE-1163,176033
/work/hobi/jselwyn/Coryphopterus_RAD/NovaSeq/demultiplexed_seqs/COPE-1164.F.fq.gz,COPE-1164,59198
/work/hobi/jselwyn/Coryphopterus_RAD/NovaSeq/demultiplexed_seqs/COPE-1165.F.fq.gz,COPE-1165,251092
/work/hobi/jselwyn/Coryphopterus_RAD/NovaSeq/demultiplexed_seqs/COPE-1166.F.fq.gz,COPE-1166,2100592
/work/hobi/jselwyn/Coryphopterus_RAD/NovaSeq/demultiplexed_seqs/COPE-1167.F.fq.gz,COPE-1167,5151979
/work/hobi/jselwyn/Coryphopterus_RAD/NovaSeq/demultiplexed_seqs/COPE-1168.F.fq.gz,COPE-1168,3009918
/work/hobi/jselwyn/Coryphopterus_RAD/NovaSeq/demultiplexed_seqs/COPE-1169.F.fq.gz,COPE-1169,7822409
/work/hobi/jselwyn/Coryphopterus_RAD/NovaSeq/demultiplexed_seqs/COPE-1170.F.fq.gz,COPE-1170,903023
/work/hobi/jselwyn/Coryphopterus_RAD/NovaSeq/demultiplexed_seqs/COPE-1171.F.fq.gz,COPE-1171,1868092
/work/hobi/jselwyn/Coryphopterus_RAD/NovaSeq/demultiplexed_seqs/COPE-1172.F.fq.gz,COPE-1172,3231259
/work/hobi/jselwyn/Coryphopterus_RAD/NovaSeq/demultiplexed_seqs/COPE-1173.F.fq.gz,COPE-1173,4548321
/work/hobi/jselwyn/Coryphopterus_RAD/NovaSeq/demultiplexed_seqs/COPE-1174.F.fq.gz,COPE-1174,3793852
/work/hobi/jselwyn/Coryphopterus_RAD/NovaSeq/demultiplexed_seqs/COPE-1175.F.fq.gz,COPE-1175,421449
/work/hobi/jselwyn/Coryphopterus_RAD/NovaSeq/demultiplexed_seqs/COPE-1176.F.fq.gz,COPE-1176,1112263
/work/hobi/jselwyn/Coryphopterus_RAD/NovaSeq/demultiplexed_seqs/COPE-1177.F.fq.gz,COPE-1177,581560
/work/hobi/jselwyn/Coryphopterus_RAD/NovaSeq/demultiplexed_seqs/COPE-1178.F.fq.gz,COPE-1178,7440275
/work/hobi/jselwyn/Coryphopterus_RAD/NovaSeq/demultiplexed_seqs/COPE-1179.F.fq.gz,COPE-1179,2622799
/work/hobi/jselwyn/Coryphopterus_RAD/NovaSeq/demultiplexed_seqs/COPE-1180.F.fq.gz,COPE-1180,536211
/work/hobi/jselwyn/Coryphopterus_RAD/NovaSeq/demultiplexed_seqs/COPE-1181.F.fq.gz,COPE-1181,63158
/work/hobi/jselwyn/Coryphopterus_RAD/NovaSeq/demultiplexed_seqs/COPE-1182.F.fq.gz,COPE-1182,677850
/work/hobi/jselwyn/Coryphopterus_RAD/NovaSeq/demultiplexed_seqs/COPE-1183.F.fq.gz,COPE-1183,1427183
/work/hobi/jselwyn/Coryphopterus_RAD/NovaSeq/demultiplexed_seqs/COPE-1184.F.fq.gz,COPE-1184,2869470
/work/hobi/jselwyn/Coryphopterus_RAD/NovaSeq/demultiplexed_seqs/COPE-1185.F.fq.gz,COPE-1185,4071265
/work/hobi/jselwyn/Coryphopterus_RAD/NovaSeq/demultiplexed_seqs/COPE-1186.F.fq.gz,COPE-1186,2955019
/work/hobi/jselwyn/Coryphopterus_RAD/NovaSeq/demultiplexed_seqs/COPE-1187.F.fq.gz,COPE-1187,256921
/work/hobi/jselwyn/Coryphopterus_RAD/NovaSeq/demultiplexed_seqs/COPE-1188.F.fq.gz,COPE-1188,8120815
/work/hobi/jselwyn/Coryphopterus_RAD/NovaSeq/demultiplexed_seqs/COPE-1189.F.fq.gz,COPE-1189,501089
/work/hobi/jselwyn/Coryphopterus_RAD/NovaSeq/demultiplexed_seqs/COPE-1190.F.fq.gz,COPE-1190,808293
/work/hobi/jselwyn/Coryphopterus_RAD/NovaSeq/demultiplexed_seqs/COPE-1191.F.fq.gz,COPE-1191,947387
/work/hobi/jselwyn/Coryphopterus_RAD/NovaSeq/demultiplexed_seqs/COPE-1192.F.fq.gz,COPE-1192,36321
/work/hobi/jselwyn/Coryphopterus_RAD/NovaSeq/demultiplexed_seqs/COPE-1193.F.fq.gz,COPE-1193,965968
/work/hobi/jselwyn/Coryphopterus_RAD/NovaSeq/demultiplexed_seqs/COPE-1194.F.fq.gz,COPE-1194,6573863
/work/hobi/jselwyn/Coryphopterus_RAD/NovaSeq/demultiplexed_seqs/COPE-1195.F.fq.gz,COPE-1195,469590
/work/hobi/jselwyn/Coryphopterus_RAD/NovaSeq/demultiplexed_seqs/COPE-1196.F.fq.gz,COPE-1196,3119672
/work/hobi/jselwyn/Coryphopterus_RAD/NovaSeq/demultiplexed_seqs/COPE-1197.F.fq.gz,COPE-1197,2613171
/work/hobi/jselwyn/Coryphopterus_RAD/NovaSeq/demultiplexed_seqs/COPE-1198.F.fq.gz,COPE-1198,430358
/work/hobi/jselwyn/Coryphopterus_RAD/NovaSeq/demultiplexed_seqs/COPE-1199.F.fq.gz,COPE-1199,5638386
/work/hobi/jselwyn/Coryphopterus_RAD/NovaSeq/demultiplexed_seqs/COPE-1200.F.fq.gz,COPE-1200,425479
/work/hobi/jselwyn/Coryphopterus_RAD/NovaSeq/demultiplexed_seqs/COPE-1201.F.fq.gz,COPE-1201,1344286
/work/hobi/jselwyn/Coryphopterus_RAD/NovaSeq/demultiplexed_seqs/COPE-1202.F.fq.gz,COPE-1202,1765429
/work/hobi/jselwyn/Coryphopterus_RAD/NovaSeq/demultiplexed_seqs/COPE-1203.F.fq.gz,COPE-1203,2690664
/work/hobi/jselwyn/Coryphopterus_RAD/NovaSeq/demultiplexed_seqs/COPE-1204.F.fq.gz,COPE-1204,201268
/work/hobi/jselwyn/Coryphopterus_RAD/NovaSeq/demultiplexed_seqs/COPE-1205.F.fq.gz,COPE-1205,1883911
/work/hobi/jselwyn/Coryphopterus_RAD/NovaSeq/demultiplexed_seqs/COPE-1206.F.fq.gz,COPE-1206,1662834
/work/hobi/jselwyn/Coryphopterus_RAD/NovaSeq/demultiplexed_seqs/COPE-1207.F.fq.gz,COPE-1207,4908207
/work/hobi/jselwyn/Coryphopterus_RAD/NovaSeq/demultiplexed_seqs/COPE-1208.F.fq.gz,COPE-1208,1672213
/work/hobi/jselwyn/Coryphopterus_RAD/NovaSeq/demultiplexed_seqs/COPE-1209.F.fq.gz,COPE-1209,1170807
/work/hobi/jselwyn/Coryphopterus_RAD/NovaSeq/demultiplexed_seqs/COPE-1210.F.fq.gz,COPE-1210,3473581
/work/hobi/jselwyn/Coryphopterus_RAD/NovaSeq/demultiplexed_seqs/COPE-1211.F.fq.gz,COPE-1211,5945419
/work/hobi/jselwyn/Coryphopterus_RAD/NovaSeq/demultiplexed_seqs/COPE-1212.F.fq.gz,COPE-1212,647104
/work/hobi/jselwyn/Coryphopterus_RAD/NovaSeq/demultiplexed_seqs/COPE-1213.F.fq.gz,COPE-1213,353285
/work/hobi/jselwyn/Coryphopterus_RAD/NovaSeq/demultiplexed_seqs/COPE-1214.F.fq.gz,COPE-1214,377675
/work/hobi/jselwyn/Coryphopterus_RAD/NovaSeq/demultiplexed_seqs/COPE-1215.F.fq.gz,COPE-1215,261381
/work/hobi/jselwyn/Coryphopterus_RAD/NovaSeq/demultiplexed_seqs/COPE-1216.F.fq.gz,COPE-1216,972417
/work/hobi/jselwyn/Coryphopterus_RAD/NovaSeq/demultiplexed_seqs/COPE-1217.F.fq.gz,COPE-1217,697158
/work/hobi/jselwyn/Coryphopterus_RAD/NovaSeq/demultiplexed_seqs/COPE-1218.F.fq.gz,COPE-1218,278498
/work/hobi/jselwyn/Coryphopterus_RAD/NovaSeq/demultiplexed_seqs/COPE-1219.F.fq.gz,COPE-1219,2085582
/work/hobi/jselwyn/Coryphopterus_RAD/NovaSeq/demultiplexed_seqs/COPE-1220.F.fq.gz,COPE-1220,210512
/work/hobi/jselwyn/Coryphopterus_RAD/NovaSeq/demultiplexed_seqs/COPE-1221.F.fq.gz,COPE-1221,3918028
/work/hobi/jselwyn/Coryphopterus_RAD/NovaSeq/demultiplexed_seqs/COPE-1222.F.fq.gz,COPE-1222,971621
/work/hobi/jselwyn/Coryphopterus_RAD/NovaSeq/demultiplexed_seqs/COPE-1223.F.fq.gz,COPE-1223,920983
/work/hobi/jselwyn/Coryphopterus_RAD/NovaSeq/demultiplexed_seqs/COPE-1224.F.fq.gz,COPE-1224,2168565
/work/hobi/jselwyn/Coryphopterus_RAD/NovaSeq/demultiplexed_seqs/COPE-1225.F.fq.gz,COPE-1225,666798
/work/hobi/jselwyn/Coryphopterus_RAD/NovaSeq/demultiplexed_seqs/COPE-1226.F.fq.gz,COPE-1226,3141431
/work/hobi/jselwyn/Coryphopterus_RAD/NovaSeq/demultiplexed_seqs/COPE-1227.F.fq.gz,COPE-1227,2421285
/work/hobi/jselwyn/Coryphopterus_RAD/NovaSeq/demultiplexed_seqs/COPE-1228.F.fq.gz,COPE-1228,484813
/work/hobi/jselwyn/Coryphopterus_RAD/NovaSeq/demultiplexed_seqs/COPE-1229.F.fq.gz,COPE-1229,33591726
/work/hobi/jselwyn/Coryphopterus_RAD/NovaSeq/demultiplexed_seqs/COPE-1230.F.fq.gz,COPE-1230,4228954
/work/hobi/jselwyn/Coryphopterus_RAD/NovaSeq/demultiplexed_seqs/COPE-1231.F.fq.gz,COPE-1231,7826612
/work/hobi/jselwyn/Coryphopterus_RAD/NovaSeq/demultiplexed_seqs/COPE-1232.F.fq.gz,COPE-1232,1724917
/work/hobi/jselwyn/Coryphopterus_RAD/NovaSeq/demultiplexed_seqs/COPE-1233.F.fq.gz,COPE-1233,2472025
/work/hobi/jselwyn/Coryphopterus_RAD/NovaSeq/demultiplexed_seqs/COPE-1234.F.fq.gz,COPE-1234,17564661
/work/hobi/jselwyn/Coryphopterus_RAD/NovaSeq/demultiplexed_seqs/COPE-1235.F.fq.gz,COPE-1235,1757102
/work/hobi/jselwyn/Coryphopterus_RAD/NovaSeq/demultiplexed_seqs/COPE-1236.F.fq.gz,COPE-1236,1022580
/work/hobi/jselwyn/Coryphopterus_RAD/NovaSeq/demultiplexed_seqs/COPE-1237.F.fq.gz,COPE-1237,1471831
/work/hobi/jselwyn/Coryphopterus_RAD/NovaSeq/demultiplexed_seqs/COPE-1238.F.fq.gz,COPE-1238,5671861
/work/hobi/jselwyn/Coryphopterus_RAD/NovaSeq/demultiplexed_seqs/COPE-1239.F.fq.gz,COPE-1239,26377
/work/hobi/jselwyn/Coryphopterus_RAD/NovaSeq/demultiplexed_seqs/COPE-1240.F.fq.gz,COPE-1240,1406216
/work/hobi/jselwyn/Coryphopterus_RAD/NovaSeq/demultiplexed_seqs/COPE-1241.F.fq.gz,COPE-1241,2995451
/work/hobi/jselwyn/Coryphopterus_RAD/NovaSeq/demultiplexed_seqs/COPE-1242.F.fq.gz,COPE-1242,224144
/work/hobi/jselwyn/Coryphopterus_RAD/NovaSeq/demultiplexed_seqs/COPE-1243.F.fq.gz,COPE-1243,2232382
/work/hobi/jselwyn/Coryphopterus_RAD/NovaSeq/demultiplexed_seqs/COPE-1244.F.fq.gz,COPE-1244,29845
/work/hobi/jselwyn/Coryphopterus_RAD/NovaSeq/demultiplexed_seqs/COPE-1245.F.fq.gz,COPE-1245,3758027
/work/hobi/jselwyn/Coryphopterus_RAD/NovaSeq/demultiplexed_seqs/COPE-1246.F.fq.gz,COPE-1246,887318
/work/hobi/jselwyn/Coryphopterus_RAD/NovaSeq/demultiplexed_seqs/COPE-1247.F.fq.gz,COPE-1247,19931
/work/hobi/jselwyn/Coryphopterus_RAD/NovaSeq/demultiplexed_seqs/COPE-1248.F.fq.gz,COPE-1248,2810587
/work/hobi/jselwyn/Coryphopterus_RAD/NovaSeq/demultiplexed_seqs/COPE-1249.F.fq.gz,COPE-1249,965287
/work/hobi/jselwyn/Coryphopterus_RAD/NovaSeq/demultiplexed_seqs/COPE-1250.F.fq.gz,COPE-1250,82522
/work/hobi/jselwyn/Coryphopterus_RAD/NovaSeq/demultiplexed_seqs/COPE-1251.F.fq.gz,COPE-1251,2662446
/work/hobi/jselwyn/Coryphopterus_RAD/NovaSeq/demultiplexed_seqs/COPE-1252.F.fq.gz,COPE-1252,2431100
/work/hobi/jselwyn/Coryphopterus_RAD/NovaSeq/demultiplexed_seqs/COPE-1253.F.fq.gz,COPE-1253,3361389
/work/hobi/jselwyn/Coryphopterus_RAD/NovaSeq/demultiplexed_seqs/COPE-1254.F.fq.gz,COPE-1254,2499124
/work/hobi/jselwyn/Coryphopterus_RAD/NovaSeq/demultiplexed_seqs/COPE-1255.F.fq.gz,COPE-1255,422342
/work/hobi/jselwyn/Coryphopterus_RAD/NovaSeq/demultiplexed_seqs/COPE-1256.F.fq.gz,COPE-1256,4783223
/work/hobi/jselwyn/Coryphopterus_RAD/NovaSeq/demultiplexed_seqs/COPE-1257.F.fq.gz,COPE-1257,1343191
/work/hobi/jselwyn/Coryphopterus_RAD/NovaSeq/demultiplexed_seqs/COPE-1258.F.fq.gz,COPE-1258,287720
/work/hobi/jselwyn/Coryphopterus_RAD/NovaSeq/demultiplexed_seqs/COPE-1259.F.fq.gz,COPE-1259,3356612
/work/hobi/jselwyn/Coryphopterus_RAD/NovaSeq/demultiplexed_seqs/COPE-1260.F.fq.gz,COPE-1260,299522
/work/hobi/jselwyn/Coryphopterus_RAD/NovaSeq/demultiplexed_seqs/COPE-1261.F.fq.gz,COPE-1261,8317800
/work/hobi/jselwyn/Coryphopterus_RAD/NovaSeq/demultiplexed_seqs/COPE-1262.F.fq.gz,COPE-1262,4969
/work/hobi/jselwyn/Coryphopterus_RAD/NovaSeq/demultiplexed_seqs/COPE-1263.F.fq.gz,COPE-1263,287256
/work/hobi/jselwyn/Coryphopterus_RAD/NovaSeq/demultiplexed_seqs/COPE-1264.F.fq.gz,COPE-1264,2118083
/work/hobi/jselwyn/Coryphopterus_RAD/NovaSeq/demultiplexed_seqs/COPE-1265.F.fq.gz,COPE-1265,821916
/work/hobi/jselwyn/Coryphopterus_RAD/NovaSeq/demultiplexed_seqs/COPE-1266.F.fq.gz,COPE-1266,846188
