file,mapped_reads
COPE_0469.fp2.repr.2.1-RG.bam,584842
COPE_0470.fp2.repr.2.1-RG.bam,3177954
COPE_0471.fp2.repr.2.1-RG.bam,2278753
COPE_0472.fp2.repr.2.1-RG.bam,355633
COPE_0473.fp2.repr.2.1-RG.bam,458678
COPE_0474.fp2.repr.2.1-RG.bam,4485550
COPE_0475.fp2.repr.2.1-RG.bam,3988858
COPE_0476.fp2.repr.2.1-RG.bam,7890402
COPE_0477.fp2.repr.2.1-RG.bam,989345
COPE_0480.fp2.repr.2.1-RG.bam,166294
COPE_0481.fp2.repr.2.1-RG.bam,4629849
COPE_0482.fp2.repr.2.1-RG.bam,5449211
COPE_0483.fp2.repr.2.1-RG.bam,2676734
COPE_0484.fp2.repr.2.1-RG.bam,1385080
COPE_0487.fp2.repr.2.1-RG.bam,551625
COPE_0490.fp2.repr.2.1-RG.bam,43825
COPE_0494.fp2.repr.2.1-RG.bam,2165519
COPE_0495.fp2.repr.2.1-RG.bam,2880387
COPE_0496.fp2.repr.2.1-RG.bam,400344
COPE_0497.fp2.repr.2.1-RG.bam,1191457
COPE_0500.fp2.repr.2.1-RG.bam,506617
COPE_0503.fp2.repr.2.1-RG.bam,591209
COPE_0504.fp2.repr.2.1-RG.bam,2759810
COPE_0507.fp2.repr.2.1-RG.bam,3171904
COPE_0508.fp2.repr.2.1-RG.bam,6101166
COPE_0509.fp2.repr.2.1-RG.bam,605405
COPE_0510.fp2.repr.2.1-RG.bam,3606374
COPE_0512.fp2.repr.2.1-RG.bam,1132202
COPE_0515.fp2.repr.2.1-RG.bam,1631231
COPE_0517.fp2.repr.2.1-RG.bam,3754599
COPE_0520.fp2.repr.2.1-RG.bam,208864
COPE_0521.fp2.repr.2.1-RG.bam,1299315
COPE_0522.fp2.repr.2.1-RG.bam,3671241
COPE_0524.fp2.repr.2.1-RG.bam,477784
COPE_0525.fp2.repr.2.1-RG.bam,4109684
COPE_0527.fp2.repr.2.1-RG.bam,409093
COPE_0528.fp2.repr.2.1-RG.bam,2856747
COPE_0529.fp2.repr.2.1-RG.bam,3215723
COPE_0530.fp2.repr.2.1-RG.bam,2917144
COPE_0531.fp2.repr.2.1-RG.bam,2139939
COPE_0532.fp2.repr.2.1-RG.bam,756802
COPE_0534.fp2.repr.2.1-RG.bam,2299296
COPE_0535.fp2.repr.2.1-RG.bam,1477899
COPE_0536.fp2.repr.2.1-RG.bam,501139
COPE_0538.fp2.repr.2.1-RG.bam,1528689
COPE_0539.fp2.repr.2.1-RG.bam,1053417
COPE_0540.fp2.repr.2.1-RG.bam,314988
COPE_0541.fp2.repr.2.1-RG.bam,306196
COPE_0542.fp2.repr.2.1-RG.bam,949491
COPE_0543.fp2.repr.2.1-RG.bam,3743949
COPE_0544.fp2.repr.2.1-RG.bam,429308
COPE_0545.fp2.repr.2.1-RG.bam,696902
COPE_0546.fp2.repr.2.1-RG.bam,1244361
COPE_0547.fp2.repr.2.1-RG.bam,871783
COPE_0551.fp2.repr.2.1-RG.bam,1401506
COPE_0552.fp2.repr.2.1-RG.bam,818848
COPE_0555.fp2.repr.2.1-RG.bam,2431497
COPE_0558.fp2.repr.2.1-RG.bam,640455
COPE_0560.fp2.repr.2.1-RG.bam,3250632
COPE_0561.fp2.repr.2.1-RG.bam,1573328
COPE_0565.fp2.repr.2.1-RG.bam,12429927
COPE_0567.fp2.repr.2.1-RG.bam,2298820
COPE_0568.fp2.repr.2.1-RG.bam,104853
COPE_0570.fp2.repr.2.1-RG.bam,4762431
COPE_0571.fp2.repr.2.1-RG.bam,135043
COPE_0572.fp2.repr.2.1-RG.bam,1441137
COPE_0573.fp2.repr.2.1-RG.bam,639229
COPE_0575.fp2.repr.2.1-RG.bam,1618033
COPE_0576.fp2.repr.2.1-RG.bam,1456290
COPE_0577.fp2.repr.2.1-RG.bam,585882
COPE_0578.fp2.repr.2.1-RG.bam,209921
COPE_0579.fp2.repr.2.1-RG.bam,6274915
COPE_0580.fp2.repr.2.1-RG.bam,323001
COPE_0583.fp2.repr.2.1-RG.bam,1243025
COPE_0584.fp2.repr.2.1-RG.bam,12672035
COPE_0585.fp2.repr.2.1-RG.bam,127519
COPE_0588.fp2.repr.2.1-RG.bam,2418562
COPE_0589.fp2.repr.2.1-RG.bam,4764616
COPE_0592.fp2.repr.2.1-RG.bam,1924992
COPE_0595.fp2.repr.2.1-RG.bam,5751627
COPE_0596.fp2.repr.2.1-RG.bam,7913334
COPE_0597.fp2.repr.2.1-RG.bam,3816843
COPE_0599.fp2.repr.2.1-RG.bam,106517
COPE_0600.fp2.repr.2.1-RG.bam,3795735
COPE_0601.fp2.repr.2.1-RG.bam,2999015
COPE_0602.fp2.repr.2.1-RG.bam,2736633
COPE_0603.fp2.repr.2.1-RG.bam,606932
COPE_0604.fp2.repr.2.1-RG.bam,257228
COPE_0605.fp2.repr.2.1-RG.bam,243151
COPE_0607.fp2.repr.2.1-RG.bam,6108276
COPE_0608.fp2.repr.2.1-RG.bam,1360876
COPE_0610.fp2.repr.2.1-RG.bam,2531211
COPE_0611.fp2.repr.2.1-RG.bam,6484776
COPE_0612.fp2.repr.2.1-RG.bam,1944881
COPE_0613.fp2.repr.2.1-RG.bam,4692738
COPE_0619.fp2.repr.2.1-RG.bam,918820
COPE_0627.fp2.repr.2.1-RG.bam,1140780
COPE_0628.fp2.repr.2.1-RG.bam,13546
COPE_0629.fp2.repr.2.1-RG.bam,1261694
COPE_0630.fp2.repr.2.1-RG.bam,3760494
COPE_0631.fp2.repr.2.1-RG.bam,2673621
COPE_0632.fp2.repr.2.1-RG.bam,354672
COPE_0633.fp2.repr.2.1-RG.bam,4630929
COPE_0634.fp2.repr.2.1-RG.bam,4103685
COPE_0635.fp2.repr.2.1-RG.bam,222596
COPE_0636.fp2.repr.2.1-RG.bam,2482449
COPE_0637.fp2.repr.2.1-RG.bam,4649921
COPE_0639.fp2.repr.2.1-RG.bam,5401928
COPE_0640.fp2.repr.2.1-RG.bam,5627371
COPE_0641.fp2.repr.2.1-RG.bam,12524
COPE_0645.fp2.repr.2.1-RG.bam,6316735
COPE_0646.fp2.repr.2.1-RG.bam,246455
COPE_0647.fp2.repr.2.1-RG.bam,2317771
COPE_0648.fp2.repr.2.1-RG.bam,154264
COPE_0650.fp2.repr.2.1-RG.bam,4687272
COPE_0651.fp2.repr.2.1-RG.bam,739968
COPE_0652.fp2.repr.2.1-RG.bam,1069320
COPE_0653.fp2.repr.2.1-RG.bam,1178763
COPE_0656.fp2.repr.2.1-RG.bam,408028
COPE_0657.fp2.repr.2.1-RG.bam,3401548
COPE_0659.fp2.repr.2.1-RG.bam,350330
COPE_0660.fp2.repr.2.1-RG.bam,1014516
COPE_0661.fp2.repr.2.1-RG.bam,8537324
COPE_0663.fp2.repr.2.1-RG.bam,8414990
COPE_0664.fp2.repr.2.1-RG.bam,3145143
COPE_0665.fp2.repr.2.1-RG.bam,1709097
COPE_0666.fp2.repr.2.1-RG.bam,65875
COPE_0670.fp2.repr.2.1-RG.bam,151437
COPE_0671.fp2.repr.2.1-RG.bam,786044
COPE_0672.fp2.repr.2.1-RG.bam,478915
COPE_0673.fp2.repr.2.1-RG.bam,1141689
COPE_0674.fp2.repr.2.1-RG.bam,4533424
COPE_0675.fp2.repr.2.1-RG.bam,6351930
COPE_0677.fp2.repr.2.1-RG.bam,6694938
COPE_0678.fp2.repr.2.1-RG.bam,1003332
COPE_0679.fp2.repr.2.1-RG.bam,471751
COPE_0680.fp2.repr.2.1-RG.bam,2291530
COPE_0681.fp2.repr.2.1-RG.bam,886410
COPE_0682.fp2.repr.2.1-RG.bam,4748085
COPE_0683.fp2.repr.2.1-RG.bam,3957351
COPE_0684.fp2.repr.2.1-RG.bam,1726726
COPE_0685.fp2.repr.2.1-RG.bam,1167977
COPE_0686.fp2.repr.2.1-RG.bam,868221
COPE_0687.fp2.repr.2.1-RG.bam,331799
COPE_0688.fp2.repr.2.1-RG.bam,2257496
COPE_0693.fp2.repr.2.1-RG.bam,1644529
COPE_0694.fp2.repr.2.1-RG.bam,3352600
COPE_0695.fp2.repr.2.1-RG.bam,3875388
COPE_0696.fp2.repr.2.1-RG.bam,3784986
COPE_0697.fp2.repr.2.1-RG.bam,1900170
COPE_0698.fp2.repr.2.1-RG.bam,175513
COPE_0699.fp2.repr.2.1-RG.bam,13940653
COPE_0700.fp2.repr.2.1-RG.bam,3347038
COPE_0701.fp2.repr.2.1-RG.bam,316115
COPE_0702.fp2.repr.2.1-RG.bam,4342875
COPE_0703.fp2.repr.2.1-RG.bam,1458908
COPE_0705.fp2.repr.2.1-RG.bam,10004908
COPE_0706.fp2.repr.2.1-RG.bam,1604082
COPE_0708.fp2.repr.2.1-RG.bam,5923956
COPE_0709.fp2.repr.2.1-RG.bam,5244581
COPE_0710.fp2.repr.2.1-RG.bam,25046
COPE_0712.fp2.repr.2.1-RG.bam,1651075
COPE_0713.fp2.repr.2.1-RG.bam,2274350
COPE_0715.fp2.repr.2.1-RG.bam,280106
COPE_0716.fp2.repr.2.1-RG.bam,4264217
COPE_0717.fp2.repr.2.1-RG.bam,2745389
COPE_0722.fp2.repr.2.1-RG.bam,2992904
COPE_0725.fp2.repr.2.1-RG.bam,3860322
COPE_0726.fp2.repr.2.1-RG.bam,4590570
COPE_0727.fp2.repr.2.1-RG.bam,431095
COPE_0728.fp2.repr.2.1-RG.bam,449644
COPE_0729.fp2.repr.2.1-RG.bam,1942959
COPE_0730.fp2.repr.2.1-RG.bam,1377833
COPE_0731.fp2.repr.2.1-RG.bam,1163149
COPE_0732.fp2.repr.2.1-RG.bam,2090718
COPE_0734.fp2.repr.2.1-RG.bam,4321186
COPE_0735.fp2.repr.2.1-RG.bam,6463193
COPE_0736.fp2.repr.2.1-RG.bam,118892
COPE_0737.fp2.repr.2.1-RG.bam,1417006
COPE_0738.fp2.repr.2.1-RG.bam,2584213
COPE_0739.fp2.repr.2.1-RG.bam,3075322
COPE_0740.fp2.repr.2.1-RG.bam,213436
COPE_0741.fp2.repr.2.1-RG.bam,2218121
COPE_0742.fp2.repr.2.1-RG.bam,915939
COPE_0743.fp2.repr.2.1-RG.bam,1084413
COPE_0744.fp2.repr.2.1-RG.bam,8171157
COPE_0746.fp2.repr.2.1-RG.bam,3375037
COPE_0747.fp2.repr.2.1-RG.bam,214590
COPE_0748.fp2.repr.2.1-RG.bam,4904173
COPE_0749.fp2.repr.2.1-RG.bam,3888102
COPE_0750.fp2.repr.2.1-RG.bam,1609238
COPE_0751.fp2.repr.2.1-RG.bam,802919
COPE_0752.fp2.repr.2.1-RG.bam,3008447
COPE_0753.fp2.repr.2.1-RG.bam,3066711
COPE_0754.fp2.repr.2.1-RG.bam,4689563
COPE_0755.fp2.repr.2.1-RG.bam,7898383
COPE_0756.fp2.repr.2.1-RG.bam,2994055
COPE_0757.fp2.repr.2.1-RG.bam,1455593
COPE_0758.fp2.repr.2.1-RG.bam,4997424
COPE_0759.fp2.repr.2.1-RG.bam,2603902
COPE_0760.fp2.repr.2.1-RG.bam,539331
COPE_0761.fp2.repr.2.1-RG.bam,222539
COPE_0762.fp2.repr.2.1-RG.bam,2228512
COPE_0764.fp2.repr.2.1-RG.bam,236373
COPE_0765.fp2.repr.2.1-RG.bam,5868169
COPE_0766.fp2.repr.2.1-RG.bam,1338472
COPE_0767.fp2.repr.2.1-RG.bam,2471556
COPE_0768.fp2.repr.2.1-RG.bam,2999998
COPE_0769.fp2.repr.2.1-RG.bam,1802613
COPE_0770.fp2.repr.2.1-RG.bam,2684430
COPE_0771.fp2.repr.2.1-RG.bam,2293940
COPE_0772.fp2.repr.2.1-RG.bam,4306562
COPE_0773.fp2.repr.2.1-RG.bam,2338110
COPE_0774.fp2.repr.2.1-RG.bam,156052
COPE_0775.fp2.repr.2.1-RG.bam,1424983
COPE_0778.fp2.repr.2.1-RG.bam,1896857
COPE_0779.fp2.repr.2.1-RG.bam,16051
COPE_0781.fp2.repr.2.1-RG.bam,274404
COPE_0782.fp2.repr.2.1-RG.bam,6702160
COPE_0783.fp2.repr.2.1-RG.bam,266939
COPE_0784.fp2.repr.2.1-RG.bam,1406921
COPE_0785.fp2.repr.2.1-RG.bam,4495384
COPE_0786.fp2.repr.2.1-RG.bam,467165
COPE_0787.fp2.repr.2.1-RG.bam,247495
COPE_0788.fp2.repr.2.1-RG.bam,9834751
COPE_0789.fp2.repr.2.1-RG.bam,3298719
COPE_0790.fp2.repr.2.1-RG.bam,2178025
COPE_0791.fp2.repr.2.1-RG.bam,5626331
COPE_0792.fp2.repr.2.1-RG.bam,82710
COPE_0793.fp2.repr.2.1-RG.bam,362588
COPE_0794.fp2.repr.2.1-RG.bam,912762
COPE_0795.fp2.repr.2.1-RG.bam,834463
COPE_0796.fp2.repr.2.1-RG.bam,5146113
COPE_0797.fp2.repr.2.1-RG.bam,2338027
COPE_0798.fp2.repr.2.1-RG.bam,1223158
COPE_0799.fp2.repr.2.1-RG.bam,10831549
COPE_0800.fp2.repr.2.1-RG.bam,2470867
COPE_0801.fp2.repr.2.1-RG.bam,14138082
COPE_0802.fp2.repr.2.1-RG.bam,58579
COPE_0803.fp2.repr.2.1-RG.bam,1983244
COPE_0804.fp2.repr.2.1-RG.bam,126457
COPE_0805.fp2.repr.2.1-RG.bam,3120420
COPE_0806.fp2.repr.2.1-RG.bam,263178
COPE_0807.fp2.repr.2.1-RG.bam,153503
COPE_0808.fp2.repr.2.1-RG.bam,2137294
COPE_0809.fp2.repr.2.1-RG.bam,2370381
COPE_0810.fp2.repr.2.1-RG.bam,142767
COPE_0811.fp2.repr.2.1-RG.bam,265633
COPE_0812.fp2.repr.2.1-RG.bam,1806554
COPE_0813.fp2.repr.2.1-RG.bam,1997715
COPE_0814.fp2.repr.2.1-RG.bam,2721520
COPE_0815.fp2.repr.2.1-RG.bam,807837
COPE_0816.fp2.repr.2.1-RG.bam,1431818
COPE_0817.fp2.repr.2.1-RG.bam,210605
COPE_0818.fp2.repr.2.1-RG.bam,6154136
COPE_0819.fp2.repr.2.1-RG.bam,2137119
COPE_0820.fp2.repr.2.1-RG.bam,396680
COPE_0822.fp2.repr.2.1-RG.bam,5405465
COPE_0823.fp2.repr.2.1-RG.bam,1077566
COPE_0825.fp2.repr.2.1-RG.bam,170701
COPE_0826.fp2.repr.2.1-RG.bam,6098010
COPE_0827.fp2.repr.2.1-RG.bam,19755
COPE_0829.fp2.repr.2.1-RG.bam,281522
COPE_0830.fp2.repr.2.1-RG.bam,857276
COPE_0831.fp2.repr.2.1-RG.bam,14908748
COPE_0832.fp2.repr.2.1-RG.bam,55988
COPE_0833.fp2.repr.2.1-RG.bam,12503927
COPE_0834.fp2.repr.2.1-RG.bam,311869
COPE_0835.fp2.repr.2.1-RG.bam,152091
COPE_0837.fp2.repr.2.1-RG.bam,2052033
COPE_0838.fp2.repr.2.1-RG.bam,68218
COPE_0839.fp2.repr.2.1-RG.bam,10216
COPE_0840.fp2.repr.2.1-RG.bam,3009898
COPE_0841.fp2.repr.2.1-RG.bam,3937206
COPE_0845.fp2.repr.2.1-RG.bam,218351
COPE_0846.fp2.repr.2.1-RG.bam,3879742
COPE_0847.fp2.repr.2.1-RG.bam,172276
COPE_0848.fp2.repr.2.1-RG.bam,4335884
COPE_0849.fp2.repr.2.1-RG.bam,3849830
COPE_0851.fp2.repr.2.1-RG.bam,5019344
COPE_0852.fp2.repr.2.1-RG.bam,473124
COPE_0853.fp2.repr.2.1-RG.bam,1812061
COPE_0854.fp2.repr.2.1-RG.bam,248695
COPE_0855.fp2.repr.2.1-RG.bam,111555
COPE_0857.fp2.repr.2.1-RG.bam,2370844
COPE_0858.fp2.repr.2.1-RG.bam,53722
COPE_0861.fp2.repr.2.1-RG.bam,396954
COPE_0862.fp2.repr.2.1-RG.bam,2103111
COPE_0863.fp2.repr.2.1-RG.bam,610181
COPE_0865.fp2.repr.2.1-RG.bam,400335
COPE_0866.fp2.repr.2.1-RG.bam,19449630
COPE_0867.fp2.repr.2.1-RG.bam,2605472
COPE_0868.fp2.repr.2.1-RG.bam,2831738
COPE_0870.fp2.repr.2.1-RG.bam,4660672
COPE_0871.fp2.repr.2.1-RG.bam,1901674
COPE_0872.fp2.repr.2.1-RG.bam,6664004
COPE_0873.fp2.repr.2.1-RG.bam,295005
COPE_0874.fp2.repr.2.1-RG.bam,560904
COPE_0875.fp2.repr.2.1-RG.bam,47819
COPE_0876.fp2.repr.2.1-RG.bam,16927441
COPE_0877.fp2.repr.2.1-RG.bam,457275
COPE_0878.fp2.repr.2.1-RG.bam,3869809
COPE_0879.fp2.repr.2.1-RG.bam,7176711
COPE_0880.fp2.repr.2.1-RG.bam,53896
COPE_0882.fp2.repr.2.1-RG.bam,2148356
COPE_0883.fp2.repr.2.1-RG.bam,12102803
COPE_0884.fp2.repr.2.1-RG.bam,39975
COPE_0885.fp2.repr.2.1-RG.bam,1063367
COPE_0886.fp2.repr.2.1-RG.bam,2942087
COPE_0887.fp2.repr.2.1-RG.bam,389744
COPE_0888.fp2.repr.2.1-RG.bam,1269811
COPE_0889.fp2.repr.2.1-RG.bam,4201498
COPE_0890.fp2.repr.2.1-RG.bam,1641443
COPE_0891.fp2.repr.2.1-RG.bam,2500486
COPE_0892.fp2.repr.2.1-RG.bam,3460713
COPE_0893.fp2.repr.2.1-RG.bam,1031477
COPE_0895.fp2.repr.2.1-RG.bam,4389764
COPE_0896.fp2.repr.2.1-RG.bam,38408
COPE_0897.fp2.repr.2.1-RG.bam,1725907
COPE_0898.fp2.repr.2.1-RG.bam,806137
COPE_0899.fp2.repr.2.1-RG.bam,1598163
COPE_0900.fp2.repr.2.1-RG.bam,1522703
COPE_0901.fp2.repr.2.1-RG.bam,7347968
COPE_0902.fp2.repr.2.1-RG.bam,1835847
COPE_0903.fp2.repr.2.1-RG.bam,2534968
COPE_0904.fp2.repr.2.1-RG.bam,675581
COPE_0905.fp2.repr.2.1-RG.bam,133550
COPE_0906.fp2.repr.2.1-RG.bam,159577
COPE_0907.fp2.repr.2.1-RG.bam,8197662
COPE_0908.fp2.repr.2.1-RG.bam,6448260
COPE_0909.fp2.repr.2.1-RG.bam,2872951
COPE_0910.fp2.repr.2.1-RG.bam,196052
COPE_0911.fp2.repr.2.1-RG.bam,5946766
COPE_0912.fp2.repr.2.1-RG.bam,2847558
COPE_0913.fp2.repr.2.1-RG.bam,930910
COPE_0914.fp2.repr.2.1-RG.bam,1917182
COPE_0915.fp2.repr.2.1-RG.bam,115908
COPE_0916.fp2.repr.2.1-RG.bam,6355327
COPE_0917.fp2.repr.2.1-RG.bam,249977
COPE_0918.fp2.repr.2.1-RG.bam,1671507
COPE_0920.fp2.repr.2.1-RG.bam,5491849
COPE_0921.fp2.repr.2.1-RG.bam,5257583
COPE_0922.fp2.repr.2.1-RG.bam,181254
COPE_0923.fp2.repr.2.1-RG.bam,303064
COPE_0924.fp2.repr.2.1-RG.bam,5178111
COPE_0925.fp2.repr.2.1-RG.bam,3359969
COPE_0926.fp2.repr.2.1-RG.bam,5763733
COPE_0927.fp2.repr.2.1-RG.bam,253404
COPE_0928.fp2.repr.2.1-RG.bam,3254437
COPE_0929.fp2.repr.2.1-RG.bam,2210230
COPE_0930.fp2.repr.2.1-RG.bam,1686145
COPE_0931.fp2.repr.2.1-RG.bam,9585876
COPE_0932.fp2.repr.2.1-RG.bam,2396807
COPE_0933.fp2.repr.2.1-RG.bam,2586013
COPE_0934.fp2.repr.2.1-RG.bam,22560836
COPE_0935.fp2.repr.2.1-RG.bam,288066
COPE_0936.fp2.repr.2.1-RG.bam,3854890
COPE_0937.fp2.repr.2.1-RG.bam,1217134
COPE_0938.fp2.repr.2.1-RG.bam,1591299
COPE_0939.fp2.repr.2.1-RG.bam,3996880
COPE_0940.fp2.repr.2.1-RG.bam,6835166
COPE_0941.fp2.repr.2.1-RG.bam,4180312
COPE_0942.fp2.repr.2.1-RG.bam,6395948
COPE_0944.fp2.repr.2.1-RG.bam,1445193
COPE_0945.fp2.repr.2.1-RG.bam,832320
COPE_0946.fp2.repr.2.1-RG.bam,21006
COPE_0948.fp2.repr.2.1-RG.bam,4250773
COPE_0949.fp2.repr.2.1-RG.bam,931984
COPE_0950.fp2.repr.2.1-RG.bam,569753
COPE_0951.fp2.repr.2.1-RG.bam,660938
COPE_0952.fp2.repr.2.1-RG.bam,3637823
COPE_0953.fp2.repr.2.1-RG.bam,349818
COPE_0954.fp2.repr.2.1-RG.bam,249239
COPE_0955.fp2.repr.2.1-RG.bam,325767
COPE_0956.fp2.repr.2.1-RG.bam,4138364
COPE_0957.fp2.repr.2.1-RG.bam,65527
COPE_0958.fp2.repr.2.1-RG.bam,5654121
COPE_0960.fp2.repr.2.1-RG.bam,6331860
COPE_0961.fp2.repr.2.1-RG.bam,2180759
COPE_0962.fp2.repr.2.1-RG.bam,1124675
COPE_0963.fp2.repr.2.1-RG.bam,923250
COPE_0964.fp2.repr.2.1-RG.bam,1095842
COPE_0965.fp2.repr.2.1-RG.bam,2180600
COPE_0966.fp2.repr.2.1-RG.bam,1475155
COPE_0967.fp2.repr.2.1-RG.bam,1967878
COPE_0968.fp2.repr.2.1-RG.bam,593093
COPE_0969.fp2.repr.2.1-RG.bam,117680
COPE_0970.fp2.repr.2.1-RG.bam,4651219
COPE_0971.fp2.repr.2.1-RG.bam,5605045
COPE_0972.fp2.repr.2.1-RG.bam,2555081
COPE_0973.fp2.repr.2.1-RG.bam,6013167
COPE_0974.fp2.repr.2.1-RG.bam,2451258
COPE_0975.fp2.repr.2.1-RG.bam,4325977
COPE_0976.fp2.repr.2.1-RG.bam,1806018
COPE_0977.fp2.repr.2.1-RG.bam,3259859
COPE_0978.fp2.repr.2.1-RG.bam,353009
COPE_0979.fp2.repr.2.1-RG.bam,298988
COPE_0980.fp2.repr.2.1-RG.bam,5177976
COPE_0981.fp2.repr.2.1-RG.bam,3505286
COPE_0982.fp2.repr.2.1-RG.bam,4618185
COPE_0983.fp2.repr.2.1-RG.bam,3711364
COPE_0985.fp2.repr.2.1-RG.bam,3018445
COPE_0986.fp2.repr.2.1-RG.bam,49501
COPE_0987.fp2.repr.2.1-RG.bam,9718286
COPE_0988.fp2.repr.2.1-RG.bam,3602448
COPE_0989.fp2.repr.2.1-RG.bam,2253379
COPE_0992.fp2.repr.2.1-RG.bam,1929447
COPE_0993.fp2.repr.2.1-RG.bam,1587165
COPE_0994.fp2.repr.2.1-RG.bam,3306857
COPE_0995.fp2.repr.2.1-RG.bam,9319794
COPE_0996.fp2.repr.2.1-RG.bam,3634330
COPE_0998.fp2.repr.2.1-RG.bam,476779
COPE_1000.fp2.repr.2.1-RG.bam,540277
COPE_1001.fp2.repr.2.1-RG.bam,3073369
COPE_1003.fp2.repr.2.1-RG.bam,1042909
COPE_1004.fp2.repr.2.1-RG.bam,1637470
COPE_1005.fp2.repr.2.1-RG.bam,506265
COPE_1006.fp2.repr.2.1-RG.bam,599213
COPE_1007.fp2.repr.2.1-RG.bam,10253404
COPE_1008.fp2.repr.2.1-RG.bam,2373913
COPE_1009.fp2.repr.2.1-RG.bam,1055251
COPE_1010.fp2.repr.2.1-RG.bam,2358351
COPE_1011.fp2.repr.2.1-RG.bam,284312
COPE_1012.fp2.repr.2.1-RG.bam,457600
COPE_1013.fp2.repr.2.1-RG.bam,197467
COPE_1014.fp2.repr.2.1-RG.bam,2814991
COPE_1015.fp2.repr.2.1-RG.bam,4755288
COPE_1016.fp2.repr.2.1-RG.bam,5742848
COPE_1018.fp2.repr.2.1-RG.bam,592686
COPE_1019.fp2.repr.2.1-RG.bam,3606641
COPE_1020.fp2.repr.2.1-RG.bam,1882100
COPE_1023.fp2.repr.2.1-RG.bam,453093
COPE_1024.fp2.repr.2.1-RG.bam,4233325
COPE_1028.fp2.repr.2.1-RG.bam,5344297
COPE_1029.fp2.repr.2.1-RG.bam,1151240
COPE_1030.fp2.repr.2.1-RG.bam,3636690
COPE_1031.fp2.repr.2.1-RG.bam,1907057
COPE_1032.fp2.repr.2.1-RG.bam,2994173
COPE_1034.fp2.repr.2.1-RG.bam,2564938
COPE_1035.fp2.repr.2.1-RG.bam,5516742
COPE_1037.fp2.repr.2.1-RG.bam,739048
COPE_1038.fp2.repr.2.1-RG.bam,1516751
COPE_1039.fp2.repr.2.1-RG.bam,1784505
COPE_1040.fp2.repr.2.1-RG.bam,1758177
COPE_1042.fp2.repr.2.1-RG.bam,5954174
COPE_1043.fp2.repr.2.1-RG.bam,1466208
COPE_1048.fp2.repr.2.1-RG.bam,6716679
COPE_1049.fp2.repr.2.1-RG.bam,2773402
COPE_1051.fp2.repr.2.1-RG.bam,2151242
COPE_1054.fp2.repr.2.1-RG.bam,913968
COPE_1055.fp2.repr.2.1-RG.bam,900719
COPE_1056.fp2.repr.2.1-RG.bam,4468768
COPE_1058.fp2.repr.2.1-RG.bam,1938304
COPE_1059.fp2.repr.2.1-RG.bam,5802130
COPE_1060.fp2.repr.2.1-RG.bam,4711382
COPE_1062.fp2.repr.2.1-RG.bam,909659
COPE_1064.fp2.repr.2.1-RG.bam,276018
COPE_1065.fp2.repr.2.1-RG.bam,164757
COPE_1066.fp2.repr.2.1-RG.bam,27459
COPE_1067.fp2.repr.2.1-RG.bam,470636
COPE_1068.fp2.repr.2.1-RG.bam,4991509
COPE_1069.fp2.repr.2.1-RG.bam,530071
COPE_1070.fp2.repr.2.1-RG.bam,1573594
COPE_1071.fp2.repr.2.1-RG.bam,913943
COPE_1072.fp2.repr.2.1-RG.bam,7818591
COPE_1073.fp2.repr.2.1-RG.bam,4225004
COPE_1074.fp2.repr.2.1-RG.bam,3677331
COPE_1075.fp2.repr.2.1-RG.bam,4959964
COPE_1076.fp2.repr.2.1-RG.bam,1117640
COPE_1077.fp2.repr.2.1-RG.bam,29076
COPE_1078.fp2.repr.2.1-RG.bam,493037
COPE_1079.fp2.repr.2.1-RG.bam,7730659
COPE_1080.fp2.repr.2.1-RG.bam,2412500
COPE_1081.fp2.repr.2.1-RG.bam,2887710
COPE_1084.fp2.repr.2.1-RG.bam,335043
COPE_1085.fp2.repr.2.1-RG.bam,855001
COPE_1086.fp2.repr.2.1-RG.bam,975097
COPE_1087.fp2.repr.2.1-RG.bam,1796885
COPE_1088.fp2.repr.2.1-RG.bam,336418
COPE_1091.fp2.repr.2.1-RG.bam,636578
COPE_1092.fp2.repr.2.1-RG.bam,175154
COPE_1093.fp2.repr.2.1-RG.bam,2682769
COPE_1094.fp2.repr.2.1-RG.bam,654980
COPE_1095.fp2.repr.2.1-RG.bam,6654823
COPE_1096.fp2.repr.2.1-RG.bam,996474
COPE_1098.fp2.repr.2.1-RG.bam,834608
COPE_1099.fp2.repr.2.1-RG.bam,707191
COPE_1100.fp2.repr.2.1-RG.bam,2247217
COPE_1101.fp2.repr.2.1-RG.bam,398947
COPE_1102.fp2.repr.2.1-RG.bam,162665
COPE_1103.fp2.repr.2.1-RG.bam,8012738
COPE_1104.fp2.repr.2.1-RG.bam,98910
COPE_1105.fp2.repr.2.1-RG.bam,2643894
COPE_1106.fp2.repr.2.1-RG.bam,2774328
COPE_1107.fp2.repr.2.1-RG.bam,2710829
COPE_1108.fp2.repr.2.1-RG.bam,7314181
COPE_1109.fp2.repr.2.1-RG.bam,167387
COPE_1110.fp2.repr.2.1-RG.bam,3909903
COPE_1111.fp2.repr.2.1-RG.bam,2871589
COPE_1112.fp2.repr.2.1-RG.bam,2076639
COPE_1113.fp2.repr.2.1-RG.bam,146445
COPE_1114.fp2.repr.2.1-RG.bam,1760216
COPE_1115.fp2.repr.2.1-RG.bam,6925824
COPE_1116.fp2.repr.2.1-RG.bam,3107127
COPE_1117.fp2.repr.2.1-RG.bam,3169335
COPE_1118.fp2.repr.2.1-RG.bam,678145
COPE_1120.fp2.repr.2.1-RG.bam,376828
COPE_1121.fp2.repr.2.1-RG.bam,6460496
COPE_1122.fp2.repr.2.1-RG.bam,2798674
COPE_1123.fp2.repr.2.1-RG.bam,443592
COPE_1124.fp2.repr.2.1-RG.bam,376737
COPE_1125.fp2.repr.2.1-RG.bam,3199296
COPE_1126.fp2.repr.2.1-RG.bam,8480588
COPE_1127.fp2.repr.2.1-RG.bam,906611
COPE_1128.fp2.repr.2.1-RG.bam,5945311
COPE_1129.fp2.repr.2.1-RG.bam,351008
COPE_1130.fp2.repr.2.1-RG.bam,678379
COPE_1132.fp2.repr.2.1-RG.bam,1233109
COPE_1134.fp2.repr.2.1-RG.bam,219578
COPE_1135.fp2.repr.2.1-RG.bam,2112173
COPE_1136.fp2.repr.2.1-RG.bam,4915444
COPE_1137.fp2.repr.2.1-RG.bam,346655
COPE_1139.fp2.repr.2.1-RG.bam,2568967
COPE_1140.fp2.repr.2.1-RG.bam,2058352
COPE_1142.fp2.repr.2.1-RG.bam,3188782
COPE_1143.fp2.repr.2.1-RG.bam,1785362
COPE_1144.fp2.repr.2.1-RG.bam,1525553
COPE_1145.fp2.repr.2.1-RG.bam,3046741
COPE_1146.fp2.repr.2.1-RG.bam,7115355
COPE_1148.fp2.repr.2.1-RG.bam,1169827
COPE_1149.fp2.repr.2.1-RG.bam,1529568
COPE_1150.fp2.repr.2.1-RG.bam,545460
COPE_1151.fp2.repr.2.1-RG.bam,179381
COPE_1153.fp2.repr.2.1-RG.bam,256259
COPE_1159.fp2.repr.2.1-RG.bam,5543217
COPE_1160.fp2.repr.2.1-RG.bam,5312932
COPE_1161.fp2.repr.2.1-RG.bam,7394159
COPE_1162.fp2.repr.2.1-RG.bam,200747
COPE_1163.fp2.repr.2.1-RG.bam,147714
COPE_1164.fp2.repr.2.1-RG.bam,56756
COPE_1165.fp2.repr.2.1-RG.bam,271141
COPE_1167.fp2.repr.2.1-RG.bam,5989283
COPE_1168.fp2.repr.2.1-RG.bam,3465070
COPE_1169.fp2.repr.2.1-RG.bam,9000870
COPE_1170.fp2.repr.2.1-RG.bam,980657
COPE_1171.fp2.repr.2.1-RG.bam,2119034
COPE_1172.fp2.repr.2.1-RG.bam,2147559
COPE_1173.fp2.repr.2.1-RG.bam,5126127
COPE_1174.fp2.repr.2.1-RG.bam,4370995
COPE_1175.fp2.repr.2.1-RG.bam,432728
COPE_1176.fp2.repr.2.1-RG.bam,1247891
COPE_1177.fp2.repr.2.1-RG.bam,604387
COPE_1178.fp2.repr.2.1-RG.bam,8203156
COPE_1179.fp2.repr.2.1-RG.bam,2953614
COPE_1180.fp2.repr.2.1-RG.bam,628259
COPE_1181.fp2.repr.2.1-RG.bam,74216
COPE_1182.fp2.repr.2.1-RG.bam,501156
COPE_1183.fp2.repr.2.1-RG.bam,1496581
COPE_1184.fp2.repr.2.1-RG.bam,3256614
COPE_1185.fp2.repr.2.1-RG.bam,2907733
COPE_1186.fp2.repr.2.1-RG.bam,2298160
COPE_1187.fp2.repr.2.1-RG.bam,278238
COPE_1188.fp2.repr.2.1-RG.bam,10504639
COPE_1194.fp2.repr.2.1-RG.bam,7643891
COPE_1195.fp2.repr.2.1-RG.bam,337110
COPE_1197.fp2.repr.2.1-RG.bam,2937650
COPE_1198.fp2.repr.2.1-RG.bam,404080
COPE_1199.fp2.repr.2.1-RG.bam,6323792
COPE_1200.fp2.repr.2.1-RG.bam,394525
COPE_1201.fp2.repr.2.1-RG.bam,1524105
COPE_1202.fp2.repr.2.1-RG.bam,2009370
COPE_1204.fp2.repr.2.1-RG.bam,183010
COPE_1205.fp2.repr.2.1-RG.bam,2136684
COPE_1206.fp2.repr.2.1-RG.bam,1907024
COPE_1208.fp2.repr.2.1-RG.bam,1948217
COPE_1209.fp2.repr.2.1-RG.bam,1364313
COPE_1210.fp2.repr.2.1-RG.bam,3708474
COPE_1211.fp2.repr.2.1-RG.bam,6653363
COPE_1212.fp2.repr.2.1-RG.bam,699048
COPE_1213.fp2.repr.2.1-RG.bam,354001
COPE_1214.fp2.repr.2.1-RG.bam,316029
COPE_1215.fp2.repr.2.1-RG.bam,291267
COPE_1216.fp2.repr.2.1-RG.bam,1072774
COPE_1217.fp2.repr.2.1-RG.bam,478120
COPE_1218.fp2.repr.2.1-RG.bam,299261
COPE_1219.fp2.repr.2.1-RG.bam,2316846
COPE_1220.fp2.repr.2.1-RG.bam,230135
COPE_1222.fp2.repr.2.1-RG.bam,994361
COPE_1223.fp2.repr.2.1-RG.bam,933827
COPE_1224.fp2.repr.2.1-RG.bam,2504647
COPE_1225.fp2.repr.2.1-RG.bam,511904
COPE_1226.fp2.repr.2.1-RG.bam,3497829
COPE_1228.fp2.repr.2.1-RG.bam,399204
COPE_1229.fp2.repr.2.1-RG.bam,24371260
COPE_1231.fp2.repr.2.1-RG.bam,9104444
COPE_1232.fp2.repr.2.1-RG.bam,1995013
COPE_1233.fp2.repr.2.1-RG.bam,2149868
COPE_1235.fp2.repr.2.1-RG.bam,2111014
COPE_1236.fp2.repr.2.1-RG.bam,1141797
COPE_1237.fp2.repr.2.1-RG.bam,1690170
COPE_1238.fp2.repr.2.1-RG.bam,5482802
COPE_1240.fp2.repr.2.1-RG.bam,1611246
COPE_1241.fp2.repr.2.1-RG.bam,3602317
COPE_1242.fp2.repr.2.1-RG.bam,258402
COPE_1243.fp2.repr.2.1-RG.bam,2563591
COPE_1244.fp2.repr.2.1-RG.bam,33948
COPE_1245.fp2.repr.2.1-RG.bam,4369045
COPE_1246.fp2.repr.2.1-RG.bam,668789
COPE_1247.fp2.repr.2.1-RG.bam,23082
COPE_1250.fp2.repr.2.1-RG.bam,85014
COPE_1251.fp2.repr.2.1-RG.bam,2851796
COPE_1252.fp2.repr.2.1-RG.bam,2770308
COPE_1253.fp2.repr.2.1-RG.bam,3973324
COPE_1254.fp2.repr.2.1-RG.bam,2802219
COPE_1255.fp2.repr.2.1-RG.bam,474495
COPE_1256.fp2.repr.2.1-RG.bam,5154185
COPE_1257.fp2.repr.2.1-RG.bam,1344073
COPE_1258.fp2.repr.2.1-RG.bam,204476
COPE_1259.fp2.repr.2.1-RG.bam,3911617
COPE_1260.fp2.repr.2.1-RG.bam,339080
COPE_1261.fp2.repr.2.1-RG.bam,5814848
COPE_1263.fp2.repr.2.1-RG.bam,210769
COPE_1264.fp2.repr.2.1-RG.bam,1663476
COPE_1265.fp2.repr.2.1-RG.bam,947559
COPE_1266.fp2.repr.2.1-RG.bam,940815
